listing_id,price,zone,avg_sharpness,avg_brightness,avg_resolution,avg_filesize_kb,price_q
100312248,2700,Salamanca-Retiro,718.2938842211219,150.03735677515712,1177610.0,149.15732421875,Mid-High
100524651,2600,Periferia Norte,2346.6657176262443,133.9392153951914,1146195.0,203.65810546875,Mid-High
100683018,2300,Chamberí,375.93003702471117,142.6559742160252,1065550.0,115.4580078125,Mid-High
100765804,3750,Salamanca-Retiro,181.63650490939762,137.74146656672045,2250230.0,153.73564453125,Premium
100793357,2100,Periferia Norte,1693.8788805461106,110.02400248873865,1289480.0,175.97294921875,Mid-High
100824987,1470,Sur-Sureste,1382.2247150550843,160.11152622998364,1122795.0,136.78330078125,Low-Mid
100836073,2735,Norte,1024.2055827217553,165.93522374587613,1146195.0,157.9939453125,Premium
100981267,3550,Centro,467.36102703201533,153.71535424682133,1333995.0,116.664453125,Premium
101241231,2070,Periferia Norte,392.47477295073696,198.4114881501253,1143890.0,71.73232421875,Mid-High
101244734,1790,Norte,871.597456506541,139.42098648379402,968525.0,121.567578125,Low-Mid
101288515,3260,Centro,1436.1280328999806,162.88195201784418,1146195.0,147.8533203125,Premium
101293164,3430,Centro,981.5315364455994,156.75354820504202,1146195.0,141.64775390625,Premium
101307731,2200,Chamberí,196.18167296372326,122.68018234507088,2229230.0,215.71533203125,Mid-High
101402886,3145,Centro,1347.2822601750865,154.0390197354757,1146195.0,143.3751953125,Premium
101570083,1200,Chamberí,218.55410403459524,162.4286177357793,2219180.0,222.383203125,Budget
101580197,5000,Centro,211.038392702845,187.6440014610696,1146195.0,83.34736328125,Premium
101642147,1650,Salamanca-Retiro,208.1532153817339,113.06834869246445,1719250.0,135.33125,Low-Mid
101666203,3350,Salamanca-Retiro,297.5856306885238,154.43962765091072,1145060.0,95.409375,Premium
101784564,1950,Norte,213.72791306834924,146.17220991591063,2250230.0,155.14814453125,Mid-High
101933861,1050,Arganzuela,305.52751623297326,153.68212417792893,1289630.0,122.5154296875,Budget
101941855,3400,Oeste,973.5668722777309,136.07060280242473,1304955.0,130.81591796875,Premium
101952295,2100,Periferia Norte,1152.3278962458742,141.3094086043469,1146195.0,130.49951171875,Mid-High
101981401,2300,Chamberí,963.3765009360408,156.33950221247972,1328150.0,135.99931640625,Mid-High
102161730,1500,Periferia Norte,278.715634857253,151.56355875339247,1146195.0,125.83115234375,Low-Mid
102257004,3100,Salamanca-Retiro,456.4501316914133,189.20850205407422,1289480.0,137.74580078125,Premium
102335893,1900,Salamanca-Retiro,381.47775461859436,109.33772322757322,1987730.0,182.432421875,Mid-High
102357038,1790,Chamberí,188.69336900862706,174.07216893007427,2086640.0,132.636328125,Low-Mid
102448665,1100,Chamberí,81.09769432180266,157.3598566037155,2283630.0,170.3318359375,Budget
102771254,1650,Oeste,548.2797102636854,135.60575078875573,1420730.0,152.8666015625,Low-Mid
102924144,3650,Chamberí,1022.7998453947757,146.21009283018986,1146195.0,139.6412109375,Premium
102932265,1100,Periferia Norte,786.0561394906194,111.47205621221708,1284370.0,161.330078125,Budget
102977339,2450,Centro,470.527098347099,131.47474822577234,2488610.0,243.71484375,Mid-High
103165627,1800,Salamanca-Retiro,1389.810276736041,148.2272845706246,1146195.0,147.3201171875,Low-Mid
103305819,1330,Periferia Norte,1020.1176830640497,173.2909901793586,1147245.0,154.01904296875,Budget
103337114,1400,Oeste,1136.503175395405,151.95127292537,1289480.0,153.63740234375,Low-Mid
103348783,2800,Salamanca-Retiro,608.086525000618,179.89036729105717,1333695.0,107.289453125,Premium
103382780,950,Arganzuela,103.71717716230201,118.92409137174707,1759383.3333333333,110.19270833333333,Budget
103392843,2480,Chamberí,832.0066638854216,155.03796889425251,1146195.0,137.68369140625,Mid-High
103393160,5000,Salamanca-Retiro,1316.6703604490908,127.15405288102542,1500230.0,181.54921875,Premium
103404713,5500,Salamanca-Retiro,412.6206665778579,191.96400738939622,1149550.0,75.37490234375,Premium
103407962,1900,Arganzuela,177.53133728017838,161.0308644380744,1146945.0,92.93125,Mid-High
103576303,3500,Chamberí,516.1201143324791,181.01725170696005,1289480.0,125.41318359375,Premium
103636550,6200,Salamanca-Retiro,1082.6890476301235,158.17866714431474,1333695.0,177.576953125,Premium
103705068,3300,Centro,1145.829798567273,164.77326448606445,1715295.0,165.35009765625,Premium
103750795,1300,Periferia Norte,1402.1321596758269,115.3402393167066,1572980.0,228.73203125,Budget
103762859,3100,Centro,836.8828990139449,142.26854336471814,2098880.0,217.24609375,Premium
103787612,3235,Chamberí,1166.6172861686266,143.09657103866067,1146195.0,156.9205078125,Premium
103897233,1750,Centro,279.4201868291444,132.19197879870282,1600895.0,128.73935546875,Low-Mid
103907333,1220,Norte,723.8031891750484,135.84284766922323,1461633.3333333333,106.83968098958333,Budget
103976897,1750,Norte,497.66521178456304,171.68627384890425,1708995.0,138.20146484375,Low-Mid
103984816,4800,Centro,505.1679547705447,166.6109454568057,1146195.0,113.12265625,Premium
104055865,1850,Salamanca-Retiro,1213.898407072988,154.25379036655255,1146195.0,154.44423828125,Mid-High
104152274,1350,Periferia Norte,827.3746336120157,171.3441157490144,1502445.0,201.971875,Budget
104308147,2400,Norte,119.0465171480101,121.19552332563553,1144680.0,112.78505859375,Mid-High
104345975,1200,Norte,107.55093455876276,118.77051881298652,1704230.0,100.7080078125,Budget
104382478,1590,Salamanca-Retiro,380.18964151237014,161.09477218569353,1146195.0,98.06962890625,Low-Mid
104406558,3500,Periferia Norte,462.8488717043525,150.8077864841693,1265480.0,126.0052734375,Premium
104414669,1945,Chamberí,1206.053697132443,154.32716628305326,1146195.0,148.25517578125,Mid-High
104417526,2325,Chamberí,549.3450993595412,162.4470354060328,1146195.0,124.91181640625,Mid-High
104470032,2500,Periferia Norte,405.7680414592401,111.89638698585993,2036780.0,206.17431640625,Mid-High
104474679,1650,Salamanca-Retiro,373.24770956102265,194.66047297350764,1408695.0,144.6337890625,Low-Mid
104500094,1200,Norte,143.53601134655153,158.7344338163132,1289480.0,93.6732421875,Budget
104520494,1050,Sur-Sureste,772.2995993757077,130.00276657014498,1289480.0,142.16181640625,Budget
104541042,775,Periferia Norte,467.2099883791849,137.515304450643,1289480.0,149.91220703125,Budget
104619582,2100,Periferia Norte,539.9958261700651,140.0635007665967,1319680.0,116.07177734375,Mid-High
104677714,2500,Centro,383.15028945930715,175.68255861388025,1945880.0,202.5619140625,Mid-High
104731768,1360,Sur-Sureste,595.6554311991177,182.32292734963687,1146195.0,132.54384765625,Low-Mid
104736229,1245,Sur-Sureste,611.4239959241581,171.17421294292868,967390.0,75.71826171875,Budget
104742159,2600,Periferia Norte,854.9463436160606,147.33885216402837,1289480.0,196.175,Mid-High
104785246,1000,Centro,526.3677790158339,171.44007626204314,1147245.0,113.12177734375,Budget
104860479,1400,Oeste,176.15972359836093,146.324060737498,3214475.0,200.6908203125,Low-Mid
104866795,1650,Centro,1123.9584183328593,175.24367952348274,1146195.0,146.12177734375,Low-Mid
104874415,1800,Salamanca-Retiro,744.4352121380343,146.97248050355594,1346912.5,120.3916015625,Low-Mid
104929732,2600,Chamberí,1010.3763311041773,144.98601029163302,1289480.0,129.32158203125,Mid-High
104954108,1600,Chamberí,391.3669097944952,148.07514296381498,1422080.0,158.13955078125,Low-Mid
104964703,1380,Centro,392.176038948137,158.18759993682667,2102945.0,184.12890625,Low-Mid
105016616,1675,Centro,297.0194027006241,201.72104254163293,1146195.0,69.075,Low-Mid
105016934,1380,Centro,403.2975045246336,192.9459829950358,1146195.0,101.6517578125,Low-Mid
105017179,1580,Centro,1439.2999474763396,182.57700762012132,1148500.0,174.26181640625,Low-Mid
105026435,2750,Salamanca-Retiro,364.0287867624793,175.02309621109038,1333695.0,102.25244140625,Premium
105049123,1500,Chamberí,682.5041111753692,126.71982203269344,2450180.0,160.60830078125,Low-Mid
105088954,1695,Centro,428.9229943718603,171.64934386849777,1146195.0,109.221484375,Low-Mid
105135600,700,Oeste,573.8478786934895,172.479618080977,1294280.0,115.25830078125,Budget
105189461,2000,Centro,269.6426098338324,129.09183678709692,2216965.0,169.52978515625,Mid-High
105292367,2900,Periferia Norte,1339.8354676775682,188.10765488204686,1520630.0,178.90205078125,Premium
105293385,2225,Centro,331.18649378127174,170.98826689182735,856860.0,69.10390625,Mid-High
105331196,1250,Centro,701.5457466362493,122.5619427887284,1289480.0,128.945703125,Budget
105332098,1000,Norte,185.49784206568407,153.25738103035377,965890.0,81.73037109375,Budget
105354228,890,Centro,300.55993997170464,146.9756225570608,1683230.0,124.30810546875,Budget
105425807,2700,Salamanca-Retiro,278.09353113115856,143.508892882955,1144620.0,121.2841796875,Mid-High
105470633,7000,Chamberí,718.7529950960583,139.37045339774116,1145745.0,158.9232421875,Premium
105522122,2150,Salamanca-Retiro,346.25960190147805,170.21874493552565,1147245.0,99.4951171875,Mid-High
105524102,2200,Salamanca-Retiro,448.438467606654,174.1727889293858,1147245.0,95.21005859375,Mid-High
105532237,3100,Salamanca-Retiro,400.08299807548366,139.98308864980567,1420730.0,162.92490234375,Premium
105555041,3200,Chamberí,1009.3585702307744,114.3428907773011,1289480.0,205.6248046875,Premium
105581026,8500,Centro,609.1253968217967,156.3530992989003,1146195.0,166.89833984375,Premium
105596226,1550,Norte,362.33157004656334,133.99538026901607,1289480.0,114.3029296875,Low-Mid
105640445,3800,Chamberí,167.156940495662,157.432613139624,1884110.0,164.1439453125,Premium
105677330,1380,Salamanca-Retiro,403.68762729381365,200.73951035798513,1144095.0,84.09755859375,Low-Mid
105700109,1700,Norte,613.0775884203347,173.15032391506924,1146645.0,126.38515625,Low-Mid
105715001,1000,Sur-Sureste,1030.5593053593925,124.82982297795567,1462730.0,204.70869140625,Budget
105753221,2700,Centro,604.0476274227476,141.21564263360827,1146195.0,148.24072265625,Mid-High
105767007,1200,Arganzuela,360.78669088227696,182.3991741863679,1146195.0,93.27392578125,Budget
105900916,4800,Salamanca-Retiro,366.73477304180466,157.86463608541115,1158345.0,87.47119140625,Premium
105935048,4000,Chamberí,836.2810592173242,168.56770202447314,1835180.0,254.0609375,Premium
105936809,1400,Centro,575.6333573310401,164.97367020907424,1926045.0,174.03408203125,Low-Mid
105968717,6495,Chamberí,525.1177325660533,165.11955930630003,1360040.0,134.1361328125,Premium
105988687,1350,Salamanca-Retiro,312.9126200269455,180.13407374985258,1146150.0,113.3814453125,Budget
106015726,3900,Salamanca-Retiro,325.1897096997485,176.78275989987546,1147780.0,100.9671875,Premium
106030545,3300,Chamberí,356.1083739747271,157.43572464045036,1147245.0,110.51689453125,Premium
106045163,1250,Centro,689.877890789536,154.59334508455126,967390.0,110.83994140625,Budget
106057254,1650,Periferia Norte,1282.0080973822958,137.17091570300192,1799930.0,269.229296875,Low-Mid
106097308,2500,Oeste,112.8871037867295,123.71031356299355,2097980.0,160.7505859375,Mid-High
106119159,1900,Norte,755.2603245469036,160.4029488520487,2229230.0,252.89345703125,Mid-High
106120220,4155,Salamanca-Retiro,1687.9797633765534,139.0902626158336,1146045.0,183.8126953125,Premium
106155100,1150,Centro,254.81411578321718,131.99010086850953,1456790.0,127.326171875,Budget
106157923,3700,Centro,366.6092520302939,174.38235676747905,1147245.0,121.6080078125,Premium
106211395,1590,Centro,341.89138983224075,116.77540598937738,2229230.0,210.4490234375,Low-Mid
106211493,2500,Arganzuela,100.19347276258851,176.62148763063286,1148060.0,81.48564453125,Mid-High
106246096,1900,Centro,989.5412579840937,177.96806903185498,1146195.0,175.75068359375,Mid-High
106264168,1700,Salamanca-Retiro,493.41313875121597,183.47584961278554,1147245.0,108.08603515625,Low-Mid
106280787,2400,Periferia Norte,452.9222747778181,162.52533859405483,1147245.0,91.322265625,Mid-High
106312618,1650,Salamanca-Retiro,266.872342638774,177.85150785372645,1565118.75,154.88427734375,Low-Mid
106401257,2865,Salamanca-Retiro,1397.9596805327503,130.12750309394036,1146645.0,176.31865234375,Premium
106406147,2800,Salamanca-Retiro,660.9086208015285,155.95579082799605,1036995.0,111.7603515625,Premium
106453553,1900,Norte,1050.273444231713,157.75606246598196,1146195.0,124.3330078125,Mid-High
106462787,1100,Chamberí,456.90836671080933,181.00817091261024,1146195.0,115.8376953125,Budget
106574544,2200,Salamanca-Retiro,180.69762159525848,132.5068330635387,1289480.0,105.703125,Mid-High
106580132,2350,Chamberí,459.91605258882953,146.02000744076054,1289480.0,106.56220703125,Mid-High
106584113,1150,Centro,513.4366160287595,164.01236149431853,967390.0,93.76279296875,Budget
106599853,1600,Chamberí,388.645563755413,145.10502458705395,2089295.0,207.9072265625,Low-Mid
106611700,1700,Centro,188.7926181368816,127.90894140176287,2033585.0,115.3875,Low-Mid
106629353,1750,Centro,746.1406442351165,170.56994610412386,1146195.0,104.626953125,Low-Mid
106642809,1150,Periferia Norte,121.6299550517106,160.039287028164,1311980.0,93.2357421875,Budget
106665765,905,Sur-Sureste,198.400622617701,203.70609491663552,1146195.0,60.88330078125,Budget
106668215,1700,Salamanca-Retiro,431.8160589703317,141.7879208867432,2250230.0,223.95166015625,Low-Mid
106742391,4600,Salamanca-Retiro,768.5576770800385,134.5108033944018,1956995.0,227.08212890625,Premium
106752862,1350,Centro,485.8696523100456,162.02724699370373,2111780.0,267.323828125,Budget
106819965,3500,Chamberí,352.17097040703476,122.72477245168383,1289480.0,147.306640625,Premium
106843213,13995,Oeste,2461.5918213871155,158.1007807390083,1147695.0,228.0015625,Premium
106844413,3500,Salamanca-Retiro,140.81642135743976,175.45679354951199,1147695.0,84.476953125,Premium
106856489,1000,Chamberí,107.94147903745068,128.07918858813045,1291400.0,91.77451171875,Budget
106865738,2400,Oeste,659.3790601509756,172.71947357532684,1175120.0,120.608203125,Mid-High
106933509,1800,Chamberí,433.9192663163373,165.6145449185652,1146195.0,129.61162109375,Low-Mid
106939840,1800,Salamanca-Retiro,190.99531273871915,127.89492136245774,2250230.0,167.897265625,Low-Mid
106968586,3000,Centro,988.9389531262608,147.5612895895186,1292330.0,226.03671875,Premium
107090250,1450,Periferia Norte,80.67629821584335,166.60438011778436,1147245.0,60.788671875,Low-Mid
107090908,1100,Sur-Sureste,34.605686233909395,44.26168962878852,3692165.0,87.78291015625,Budget
107096784,3150,Chamberí,412.28990932116847,128.63582909166053,2250230.0,268.94130859375,Premium
107097991,2790,Salamanca-Retiro,353.4121513434145,185.08452872331154,1521195.0,119.9740234375,Premium
107098859,2250,Centro,631.2355618319298,163.35001142566654,1333695.0,194.3708984375,Mid-High
107141299,3800,Chamberí,335.28859239394876,123.43839920357327,2208230.0,200.44658203125,Premium
107150285,1500,Sur-Sureste,382.86604627518705,121.44414394298785,1987730.0,224.687109375,Low-Mid
107211096,1450,Salamanca-Retiro,173.10077890787028,126.13338682927039,1814480.0,151.1265625,Low-Mid
107249284,950,Periferia Norte,1175.8349548216167,148.23139510548236,1924695.0,204.62646484375,Budget
107249437,950,Periferia Norte,1196.1520209007213,140.13908204524105,1383765.0,174.40703125,Budget
107249633,1260,Periferia Norte,1328.7144285060542,141.08598526021484,1194645.0,170.8703125,Budget
107265462,1450,Chamberí,401.9247763028776,123.82963112036472,2229230.0,242.06494140625,Low-Mid
107267821,1250,Periferia Norte,290.05546508461515,123.84052542100392,2565890.0,268.089453125,Budget
107272171,1300,Norte,129.74884893243683,132.0679026275508,2117930.0,161.2064453125,Budget
107277747,1200,Oeste,173.4020432993097,109.26466905966768,1401980.0,112.488671875,Budget
107280706,2600,Centro,196.75004612918147,135.28351761666465,1956080.0,198.3896484375,Mid-High
107425390,3000,Salamanca-Retiro,303.1960926294716,188.35322319040847,1145060.0,87.15869140625,Premium
107454473,4000,Periferia Norte,470.54589301293345,126.59959248004574,1516905.0,115.53115234375,Premium
107465225,3000,Salamanca-Retiro,182.95301181765666,123.96065204856936,2250230.0,179.89638671875,Premium
107559336,795,Sur-Sureste,100.3541049785841,126.57599454119031,2062787.5,155.57275390625,Budget
107603018,1475,Oeste,625.464046954233,155.14537856926262,1289480.0,154.66689453125,Low-Mid
107603484,1080,Sur-Sureste,191.90456505536815,184.26608982235192,1146195.0,71.06875,Budget
107620273,4500,Salamanca-Retiro,256.9479212541864,177.9719464750688,1896045.0,146.84365234375,Premium
107626617,2500,Chamberí,625.3983126032123,122.521314402275,2229000.0,220.4892578125,Mid-High
107676908,4800,Norte,300.67189012709184,130.40262857769685,2250230.0,209.87607421875,Premium
107691458,2500,Chamberí,192.81972667489677,127.70857980268404,1289480.0,122.5419921875,Mid-High
107711044,1300,Norte,204.10135918065393,118.39547597110773,1744805.0,123.31376953125,Budget
107734015,1100,Sur-Sureste,278.13225278992036,154.9987555999865,1145060.0,100.68671875,Budget
107735992,1376,Chamberí,363.4327063082006,171.45189053398693,1708695.0,151.51669921875,Low-Mid
107740380,1578,Chamberí,965.5076465849273,198.4648341580675,1149550.0,108.98837890625,Low-Mid
107747705,1150,Centro,778.9274183415132,189.12269246351983,1542680.0,163.49111328125,Budget
107748278,1900,Salamanca-Retiro,240.4472522407189,156.2465751821614,2097980.0,135.29853515625,Mid-High
107781552,2000,Chamberí,455.65156741796164,112.75757832863367,1146195.0,100.5630859375,Mid-High
107784640,700,Periferia Norte,539.1711551398873,171.82400539971792,2257020.0,220.0005859375,Budget
107811192,1550,Norte,364.0693850440957,132.87028604081948,2350580.0,264.49453125,Low-Mid
107811343,1850,Centro,585.44479650028,157.8277264641588,1498390.0,196.89443359375,Mid-High
107812425,8000,Chamberí,627.6018138879454,182.78297306092438,1333695.0,154.95830078125,Premium
107836670,2030,Chamberí,931.8381850950503,131.5971201349673,1146195.0,173.0556640625,Mid-High
107837957,2200,Chamberí,902.83084576326,142.11123089913332,1289480.0,190.4890625,Mid-High
107838630,1800,Chamberí,133.54892377392002,131.37179381033047,1289480.0,104.71240234375,Low-Mid
107875387,3600,Chamberí,228.58887027894758,193.313086487867,1146195.0,99.400390625,Premium
107886540,1200,Norte,350.78184815118544,170.84189886038106,1143890.0,75.70927734375,Budget
107902407,1500,Centro,319.8749053101091,147.93696031767817,1146195.0,132.03017578125,Low-Mid
107941458,1200,Norte,486.4836207606856,115.87889815019193,1146195.0,107.06533203125,Budget
107969457,770,Salamanca-Retiro,508.40823117302494,128.3972778798677,1523900.0,143.28362165178572,Budget
108036872,3900,Salamanca-Retiro,444.4127437447557,135.8753025838452,1289480.0,117.35234375,Premium
108044062,1200,Periferia Norte,410.6569471195623,186.5716799620863,1333695.0,100.8130859375,Budget
108070376,990,Periferia Norte,810.7704999205698,150.01981064649914,1725230.0,205.7302734375,Budget
108070861,2000,Centro,976.8207107388198,137.8449882703014,1420730.0,194.754296875,Mid-High
108077002,7400,Chamberí,227.9276313147403,196.90676716243385,1363695.0,88.72265625,Premium
108101624,1865,Salamanca-Retiro,527.879646398566,181.81834082157206,1144095.0,110.7150390625,Mid-High
108111436,1100,Periferia Norte,269.2973709970422,167.79747645120474,2250230.0,221.9244140625,Budget
108187159,1800,Arganzuela,513.5440398818434,126.824007120914,2250230.0,233.22353515625,Low-Mid
108207625,2200,Chamberí,172.091382784318,141.9656252825039,2242430.0,160.36298828125,Mid-High
108228405,3150,Oeste,1022.7790552280003,148.25572133043642,1148500.0,133.16025390625,Premium
108294896,1500,Salamanca-Retiro,741.4706011036203,131.4865208329379,1289480.0,154.00849609375,Low-Mid
108310688,1299,Sur-Sureste,230.70803771097653,132.21513605068864,2350130.0,156.60869140625,Budget
108330861,1265,Sur-Sureste,432.62208269206656,156.06463624959537,1146195.0,112.4533203125,Budget
108342030,1550,Centro,525.9404139007212,172.794549709446,1146195.0,101.73916015625,Low-Mid
108349208,1450,Norte,999.2969334692576,139.72523909907184,1289480.0,180.04248046875,Low-Mid
108402503,1400,Centro,230.76757604272285,167.89224632271805,1114955.0,78.17109375,Low-Mid
108426640,2300,Centro,406.2840268728023,132.00468361061985,1511445.0,159.44189453125,Mid-High
108452910,1150,Sur-Sureste,502.72967722591545,138.413061682797,1672090.0,165.64052734375,Budget
108462805,1150,Chamberí,1343.1184307817318,129.00807022537182,1461633.3333333333,203.41227213541666,Budget
108473556,3000,Salamanca-Retiro,219.7479085630413,137.5295948724353,2250230.0,184.14189453125,Premium
108487143,1400,Chamberí,786.8076756048717,117.06606857923141,1332725.0,185.40283203125,Low-Mid
108499886,1900,Norte,239.56340451850573,195.5156169072298,2071620.0,150.33154296875,Mid-High
108521332,1000,Salamanca-Retiro,569.4609470146939,147.8361727542709,1945730.0,188.82216796875,Budget
108533798,1840,Norte,232.2724506557986,134.86577296135573,2649830.0,219.26357421875,Mid-High
108572502,2500,Oeste,1390.8727704855687,153.97110662531387,1189695.0,171.61240234375,Mid-High
108613875,1690,Oeste,721.8775349393707,168.631070050166,1146195.0,138.55634765625,Low-Mid
108640300,2400,Chamberí,1123.009220778447,163.56290904757236,1146195.0,171.26455078125,Mid-High
108643920,3200,Centro,1233.477174838832,152.20398806192034,1333695.0,194.24169921875,Premium
108661379,3850,Oeste,321.5265918288716,185.1203455705501,1141515.0,72.90810546875,Premium
108669155,1600,Chamberí,278.37955822640265,133.28625477462157,1284230.0,110.18671875,Low-Mid
108731323,5500,Salamanca-Retiro,336.59456908237047,186.98053225522875,1146195.0,100.4162109375,Premium
108818962,2350,Centro,477.9363894626831,135.96673009841942,1928700.0,240.5677734375,Mid-High
108843135,1700,Centro,792.7115352515015,148.92630904934123,1146195.0,129.88349609375,Low-Mid
108878440,1950,Oeste,300.7752492488037,196.3459133481702,1146945.0,95.066015625,Mid-High
108899798,1500,Chamberí,1139.707707298504,135.28646332667034,1289480.0,170.926953125,Low-Mid
108923999,1100,Chamberí,126.28848524012653,143.86091231618917,1983065.0,88.84794921875,Budget
108925846,2100,Centro,420.0170821195885,182.09609404482129,1133400.0,94.5400390625,Mid-High
108952936,1670,Norte,482.1007053041447,142.23265171686896,1146195.0,111.17373046875,Low-Mid
108981567,750,Sur-Sureste,425.5794993124141,144.78874088532382,1289480.0,119.760546875,Budget
108983331,2650,Arganzuela,1356.5112505239651,173.43627661665514,1148500.0,122.88173828125,Mid-High
108994170,750,Centro,218.50031174897435,133.1535808881082,1708412.5,165.5714111328125,Budget
109014894,2800,Periferia Norte,1149.4736333361377,198.37598240980248,1144035.0,90.558984375,Premium
109077193,2200,Salamanca-Retiro,329.85788060540597,177.10820817612304,1146195.0,109.8763671875,Mid-High
109091678,1400,Sur-Sureste,915.3993222640274,163.0031509660809,1290020.0,168.69521484375,Low-Mid
109100598,1500,Centro,455.433421772643,125.63014881407717,1502255.5555555555,96.82194010416667,Low-Mid
109104252,5000,Norte,264.59756525175516,147.2970529363783,1146195.0,79.761328125,Premium
109125951,1350,Norte,296.77874938828717,119.69427103802964,1783715.0,182.71318359375,Budget
109145349,1450,Sur-Sureste,94.44225595407985,126.78239975815293,2172333.3333333335,136.40310329861111,Low-Mid
109163585,980,Periferia Norte,273.8579261766632,146.35258179579773,1551980.0,106.77890625,Budget
109166889,1100,Arganzuela,212.09198350057795,150.59768521622172,1289480.0,107.74072265625,Budget
109168530,4500,Salamanca-Retiro,684.6168461732221,128.66718395335096,1289480.0,157.61796875,Premium
109178959,3500,Centro,561.3884578176533,181.18531984526214,1713940.0,161.4044921875,Premium
109184407,1990,Centro,369.2616268334831,145.21124930349404,2094230.0,182.24853515625,Mid-High
109188148,1800,Periferia Norte,1346.029730801086,148.92741620116297,1786460.0,236.9943359375,Low-Mid
109198102,2530,Norte,630.9872180083756,116.68181240306049,1146195.0,132.280078125,Mid-High
109201150,1800,Centro,319.129758914631,135.48303707535345,2250230.0,168.21044921875,Low-Mid
109215979,2800,Chamberí,219.72213712593194,156.73641459739082,1146195.0,105.46865234375,Premium
109220092,1100,Sur-Sureste,466.8130573727809,171.73902743402323,1333695.0,119.07568359375,Budget
109222525,1350,Sur-Sureste,546.8167413555518,161.51946719832517,1334295.0,138.9283203125,Budget
109229037,1300,Chamberí,217.63747775622247,133.11035640915716,1289480.0,120.8638671875,Budget
109235255,2650,Norte,750.5840806233525,184.74834737549537,1146195.0,140.516796875,Mid-High
109242812,2750,Centro,767.0535696338989,177.9437687614324,1145295.0,126.99384765625,Premium
109249984,1595,Salamanca-Retiro,192.0894185639047,111.12226454747834,1966730.0,149.30654296875,Low-Mid
109253148,13995,Oeste,711.0517056882086,162.97858011482822,1143400.0,169.35546875,Premium
109277679,2500,Arganzuela,321.016237254368,125.9090749287172,2250230.0,224.54990234375,Mid-High
109309490,1665,Centro,672.6871729249649,127.58577605550883,1146195.0,132.75634765625,Low-Mid
109311948,2090,Periferia Norte,461.1357011069143,125.28692817263509,2250230.0,222.662890625,Mid-High
109312873,2090,Periferia Norte,736.2935711828397,135.27574088841817,2250230.0,245.98759765625,Mid-High
109329801,1386,Salamanca-Retiro,498.53463401330265,162.2233320296246,1511595.0,135.5490234375,Low-Mid
109357756,1100,Centro,1087.2415386372913,116.64923537774771,1289480.0,180.98623046875,Budget
109384228,5500,Periferia Norte,448.5716944475742,115.38927928153389,1842795.0,160.39599609375,Premium
109389779,1800,Periferia Norte,120.34403254678492,129.52574349407828,1167645.0,83.9169921875,Low-Mid
109409137,4900,Centro,365.6708528655526,163.79380383566567,1148500.0,92.37626953125,Premium
109410650,4950,Periferia Norte,602.7917314668124,157.15631665784832,1146195.0,134.38486328125,Premium
109428169,1960,Salamanca-Retiro,1004.5604309679604,158.6111282812014,1146195.0,145.5767578125,Mid-High
109438116,2800,Centro,561.060316708619,128.4457898403943,2250230.0,207.85029296875,Premium
109438177,1150,Chamberí,588.3999854239258,145.47682956409275,1915340.0,233.84150390625,Budget
109439423,8500,Salamanca-Retiro,677.2588321020307,190.77321410701836,1521195.0,151.134765625,Premium
109446118,1250,Chamberí,196.27755931526127,125.7939673822978,2094975.0,221.1830078125,Budget
109454997,1350,Norte,445.7945887572043,132.03729954641204,1289480.0,113.00048828125,Budget
109461315,1800,Norte,308.2081335226017,158.95246125298675,2095815.0,177.8427734375,Low-Mid
109464125,2995,Periferia Norte,822.8997292805883,168.606256796982,1572980.0,188.84375,Premium
109466574,2100,Chamberí,1069.1431106349476,136.3833985653368,1578980.0,203.55517578125,Mid-High
109504276,2000,Arganzuela,489.74163830886954,152.53856056500203,1142265.0,112.096484375,Mid-High
109518685,2000,Centro,303.2986687027686,169.928707945928,1333695.0,94.5466796875,Mid-High
109522322,3100,Salamanca-Retiro,367.46053020677675,125.66177668344567,1551980.0,151.40263671875,Premium
109536155,790,Sur-Sureste,364.50021616801644,151.3794554424232,1064710.0,98.51015625,Budget
109548851,1700,Centro,345.8174128625308,126.09531742948437,2197880.0,205.89609375,Low-Mid
109569035,4200,Salamanca-Retiro,490.54821968500147,169.9732403961847,1148500.0,111.59560546875,Premium
109576634,2400,Salamanca-Retiro,595.1855910396856,129.65751030911824,1420730.0,124.24453125,Mid-High
109591754,3800,Periferia Norte,632.8815747992546,182.27358503941034,1945730.0,190.36982421875,Premium
109598949,1090,Norte,274.2850734547253,152.50387676755344,1224370.0,100.61171875,Budget
109628291,2400,Salamanca-Retiro,125.03148558601728,178.75482295179478,1146195.0,81.60576171875,Mid-High
109648069,5000,Salamanca-Retiro,356.95412154420626,174.1657781981251,1148500.0,95.4427734375,Premium
109652316,4400,Centro,316.373401564818,155.2836533193277,1146195.0,104.276171875,Premium
109657977,1500,Centro,739.4412192784215,134.61106068899133,1289480.0,194.772265625,Low-Mid
109661482,3000,Salamanca-Retiro,999.7698244814301,190.6118627840214,1289480.0,148.26689453125,Premium
109665118,2950,Norte,855.796440174412,152.26464404166668,2250230.0,320.97861328125,Premium
109666862,12000,Chamberí,266.68761406177657,177.39391721912472,1292835.0,103.7806640625,Premium
109695464,9000,Salamanca-Retiro,212.34502920233618,169.95442428531973,1289480.0,100.05595703125,Premium
109730211,2100,Oeste,441.9150916934873,173.68801943123054,1146110.0,103.43779296875,Mid-High
109746529,2250,Periferia Norte,541.0225356257333,175.21973547637572,1227445.0,164.90361328125,Mid-High
109747030,2090,Salamanca-Retiro,459.3413014907204,179.9750911553246,1146110.0,129.76142578125,Mid-High
109748293,1250,Centro,632.7647078520856,195.6430915487212,1228525.0,118.170703125,Budget
109760102,1650,Chamberí,286.2623694547572,130.02399500008877,1289480.0,130.43515625,Low-Mid
109773222,3500,Centro,684.0438013087665,163.40027681292742,1401370.0,145.664453125,Premium
109775504,1600,Centro,272.29686852499975,185.3569580575556,1146110.0,90.001953125,Low-Mid
109775779,3300,Salamanca-Retiro,1279.0339772492205,161.72301302058003,1520360.0,230.6927734375,Premium
109775862,2190,Centro,892.4153113060927,185.856801493262,1146110.0,167.00654296875,Mid-High
109775874,1650,Periferia Norte,406.7457632249028,167.47099151999961,1147245.0,101.2119140625,Low-Mid
109776074,990,Sur-Sureste,215.23115339421756,188.5324576165454,1146110.0,83.9115234375,Budget
109777399,2200,Salamanca-Retiro,385.04485258291874,173.5049445909329,1227625.0,122.92763671875,Mid-High
109778166,4000,Oeste,474.6574976506414,119.76250456182925,1289480.0,133.626171875,Premium
109789944,2215,Centro,166.75917453541177,148.69233729241245,1117225.0,79.12431640625,Mid-High
109789972,1290,Centro,604.9139560650503,175.21439109939845,1145960.0,158.0376953125,Budget
109792305,2500,Oeste,473.758293127849,143.71344424052765,1551980.0,144.683203125,Mid-High
109794783,2700,Salamanca-Retiro,589.9171378071255,163.16919273648526,967390.0,126.33037109375,Mid-High
109798554,3200,Centro,188.03757115170032,144.0489770246973,2250230.0,177.0955078125,Premium
109800675,1190,Centro,251.90180284560842,181.45478252935632,1146110.0,97.65732421875,Budget
109802760,3800,Centro,211.61330546994768,153.05993107657952,1708695.0,138.28798828125,Premium
109804857,1800,Oeste,193.72841893410137,136.64063691223322,1683230.0,110.21806640625,Low-Mid
109814565,3000,Centro,1014.2529426804801,155.56574867988985,1146110.0,188.85400390625,Premium
109814601,1290,Centro,241.03748730925454,177.60170313971804,1146110.0,91.371875,Budget
109814627,1800,Centro,649.3028056860755,166.12151759909483,1146615.0,159.86708984375,Low-Mid
109814654,2100,Centro,365.2042797935457,177.03270505143422,1146110.0,113.57470703125,Mid-High
109814887,2200,Centro,436.1362259157651,183.55350638655858,1146110.0,110.15078125,Mid-High
109822370,1550,Chamberí,406.93762217432493,127.01942844298564,1289480.0,147.21708984375,Low-Mid
109834801,1400,Sur-Sureste,308.8907457263998,109.85056758897124,1830970.0,151.57138671875,Low-Mid
109856976,2700,Periferia Norte,256.6796016381975,178.19173410151615,1814480.0,170.25654296875,Mid-High
109863929,2700,Periferia Norte,797.3980519684012,139.8284465616107,1289480.0,136.617578125,Mid-High
109864014,2430,Chamberí,856.7184637143353,159.86586400827366,1146195.0,128.33603515625,Mid-High
109871653,2900,Salamanca-Retiro,348.5707310820524,181.09042532427793,1148500.0,80.21611328125,Premium
109883730,2500,Salamanca-Retiro,258.0081567090157,198.67727576128578,1227625.0,102.54384765625,Mid-High
109897417,3690,Centro,556.2176404340476,165.6223153628177,1333695.0,138.61943359375,Premium
109910291,2700,Chamberí,349.58173481315663,128.08656327698347,1289480.0,120.92685546875,Mid-High
109923230,1900,Centro,630.9752788519162,141.75604004016787,1227625.0,140.62001953125,Mid-High
109931908,1650,Salamanca-Retiro,475.70779492563554,137.14365811222638,1420730.0,137.98828125,Low-Mid
109936604,2100,Salamanca-Retiro,656.8982807051195,161.49974568491547,1146195.0,137.7732421875,Mid-High
109941246,2400,Oeste,517.1292278291063,134.52510010035172,1835480.0,134.0412109375,Mid-High
109955912,1995,Salamanca-Retiro,204.23504097470897,121.17808668793728,2138630.0,177.84931640625,Mid-High
109961825,2300,Arganzuela,508.5549020107218,187.08032119382196,1146195.0,122.85341796875,Mid-High
109962143,1580,Periferia Norte,710.6684785809127,177.35577808516967,1145060.0,144.9837890625,Low-Mid
109963329,2600,Salamanca-Retiro,305.9166394012166,185.5862621311235,1146495.0,93.940625,Mid-High
109972361,5650,Centro,228.65242608987637,174.0268634700323,1707705.0,119.6640625,Premium
109972618,1250,Centro,483.8401932157337,184.68551089479558,1145810.0,121.92900390625,Budget
109982035,1800,Chamberí,828.4017344592563,158.4939812933979,1145910.0,172.54130859375,Low-Mid
109983399,1125,Centro,134.7536940772007,137.74420150669908,2252365.0,154.3875,Budget
109992654,1090,Arganzuela,272.980667889504,204.41213495877156,1146110.0,87.1978515625,Budget
109996429,1700,Arganzuela,217.98621958915675,196.85725907833773,1227625.0,99.44013671875,Low-Mid
109997326,1250,Sur-Sureste,304.02037849992564,198.55894205086955,1146110.0,91.51005859375,Budget
110010117,1950,Centro,184.53948850333512,168.35661982418426,1334055.0,82.48681640625,Mid-High
110015307,4500,Norte,139.95424171606663,152.6941752760702,1247820.0,96.72666015625,Premium
110015784,2350,Norte,670.1926151518104,192.75948676641067,1145595.0,110.089453125,Mid-High
110017342,2100,Norte,908.3112049640655,144.67956456890607,1272940.0,235.40654296875,Mid-High
110024523,3000,Norte,291.5504230802728,187.847084065733,1146195.0,94.3134765625,Premium
110029192,4800,Salamanca-Retiro,1556.1601949980181,170.86185433412936,1176110.0,171.52861328125,Premium
110033906,2900,Salamanca-Retiro,850.6014234201839,139.1387424633157,1558695.0,201.59287109375,Premium
110035739,1750,Norte,445.22758935324003,179.96953491056468,1054556.25,90.6826171875,Low-Mid
110036203,1750,Norte,542.8888243486202,165.39075708460422,1146195.0,117.348046875,Low-Mid
110038167,3300,Norte,543.748385794598,179.505888460582,1149195.0,112.1802734375,Premium
110056292,6000,Salamanca-Retiro,193.2489366530731,188.0017144500726,1146195.0,79.74140625,Premium
110094207,1590,Chamberí,231.5797480912715,134.55257975180334,1114921.4285714286,88.9609375,Low-Mid
110096424,2300,Oeste,666.2060444183584,178.80871092597778,1146195.0,113.4767578125,Mid-High
110105304,8000,Salamanca-Retiro,896.5282573345788,153.67835749463674,1335100.0,147.86611328125,Premium
110107302,1700,Centro,485.5109560844693,176.25900640208008,1146195.0,120.99521484375,Low-Mid
110114078,2000,Oeste,492.718609020433,133.50736240991796,1420730.0,136.605078125,Mid-High
110114734,3800,Oeste,762.9351623460118,167.08347080214668,1227625.0,188.122265625,Premium
110142761,3950,Chamberí,231.08806938512163,184.13562322323088,1337860.0,84.23603515625,Premium
110148172,2700,Chamberí,137.84235939601214,119.13387121575116,1551980.0,115.2515625,Mid-High
110149627,2400,Centro,411.8213652812532,166.59496533987536,1124925.0,113.059765625,Mid-High
110150294,3000,Chamberí,394.98833255657485,131.9934072590332,1420730.0,101.26328125,Premium
110152286,1200,Norte,666.7665392635492,155.99120567853052,1137045.0,138.23515625,Budget
110152290,1274,Sur-Sureste,56.360014560729994,162.84437109438042,2250230.0,104.8576171875,Budget
110156283,1130,Norte,198.30852496410478,146.00270685350324,1289480.0,102.71455078125,Budget
110165787,4800,Salamanca-Retiro,304.2109203008594,178.36234269778475,1335750.0,109.62041015625,Premium
110169750,2400,Chamberí,712.1728184942259,161.08436971726695,1145060.0,112.73955078125,Mid-High
110169851,7000,Centro,999.9095236809059,146.85550566011207,1133860.0,142.6189453125,Premium
110179753,2700,Centro,460.69742360800865,157.95884557018192,1148500.0,112.84443359375,Mid-High
110188373,4950,Salamanca-Retiro,287.1033797940466,166.67265632279523,1148500.0,71.95478515625,Premium
110190305,6000,Norte,1294.5588559970586,162.7518217936352,1146195.0,179.7623046875,Premium
110192307,2000,Salamanca-Retiro,335.2584943664678,171.52959401227545,1291955.0,125.5375,Mid-High
110210012,1400,Centro,459.4586561097091,194.26806504849304,1146110.0,105.26171875,Low-Mid
110210034,2250,Arganzuela,415.4263573268971,174.19329825103236,1146110.0,117.27197265625,Mid-High
110210074,1700,Arganzuela,524.4449864153302,179.71907308120655,1146195.0,118.94912109375,Low-Mid
110211078,2690,Chamberí,457.35314184899863,177.49323411339293,1146110.0,135.59853515625,Mid-High
110211088,2490,Centro,362.7223538049546,181.08313652244163,1146110.0,130.1037109375,Mid-High
110211823,4200,Chamberí,1306.4095028521333,177.8547613453409,1149720.0,136.6107421875,Premium
110214511,2500,Chamberí,179.4157694883055,134.84544603708306,1262700.0,105.7970703125,Mid-High
110222179,2500,Chamberí,156.39847353132848,177.42155855631808,1146195.0,74.234375,Mid-High
110252110,1150,Centro,358.9961429568878,158.32255980582323,967390.0,90.01298828125,Budget
110252795,1900,Chamberí,609.5794268955185,161.5751378633468,1194945.0,137.7677734375,Mid-High
110253015,4900,Centro,618.20061256557,173.70300503145035,1146195.0,110.2884765625,Premium
110266591,1075,Centro,134.23564995873608,150.65272986135048,1289480.0,97.08359375,Budget
110268500,2500,Norte,393.97815092847685,191.536725733816,1144610.0,106.9416015625,Mid-High
110269322,1000,Centro,948.746403457549,126.22504030699238,1147245.0,174.51220703125,Budget
110270468,1890,Chamberí,358.05952064369774,194.4717873447433,1146260.0,103.06162109375,Mid-High
110289496,2400,Centro,437.9889769932608,195.3907080271694,1414395.0,118.3486328125,Mid-High
110292217,2950,Norte,1099.7977388918584,130.83574907458933,1148500.0,177.84150390625,Premium
110292561,4900,Centro,1277.8266021018612,164.82612010846532,1289480.0,186.623828125,Premium
110311939,2600,Norte,100.11541132630667,163.5708303464252,1543765.0,95.4419921875,Mid-High
110314442,3000,Salamanca-Retiro,663.0231809273866,155.8020849271626,1146045.0,114.51171875,Premium
110331001,1800,Oeste,197.27560039474807,121.40730455706235,1835480.0,152.4783203125,Low-Mid
110339301,4700,Periferia Norte,1817.5387146968696,163.548681159102,1593980.0,204.97724609375,Premium
110340980,990,Centro,473.7929846627177,136.82835753319395,967390.0,126.0888671875,Budget
110355888,2500,Salamanca-Retiro,151.40817368316206,170.64134719933486,1363610.0,70.80546875,Mid-High
110357495,1100,Salamanca-Retiro,498.98130363495363,158.37708250762014,1148500.0,97.31923828125,Budget
110364328,2950,Salamanca-Retiro,203.8515532421744,208.8560335563596,1146195.0,93.757421875,Premium
110377810,2400,Centro,1651.6906731065071,137.89695188726208,1289480.0,190.2806640625,Mid-High
110386404,8015,Salamanca-Retiro,824.5657811694882,150.28050261466439,1146195.0,139.925390625,Premium
110400223,4795,Salamanca-Retiro,907.4979030869575,153.64023326880897,1146195.0,141.85947265625,Premium
110400440,4800,Chamberí,452.59608425316094,175.58228648458314,1320980.0,125.1556640625,Premium
110415335,2900,Periferia Norte,999.8281885239873,141.92378581907036,1551980.0,220.06015625,Premium
110418747,2000,Periferia Norte,859.8585743939802,139.17922754517824,1537880.0,213.53798828125,Mid-High
110418924,1950,Periferia Norte,888.6120641727197,137.87396457077838,1406630.0,203.44892578125,Mid-High
110429574,6000,Salamanca-Retiro,705.3376252903442,153.88083883075527,1176195.0,157.21201171875,Premium
110429856,1800,Arganzuela,275.71930619038,142.34789694466852,967475.0,89.45029296875,Low-Mid
110431741,1950,Oeste,799.8800657975306,141.2509141709361,1333845.0,209.10380859375,Mid-High
110437878,1950,Periferia Norte,254.67877520564852,151.90199737760662,1146195.0,112.6529296875,Mid-High
110438152,1550,Chamberí,370.41515653261854,163.0777322793782,1939760.0,164.3611328125,Low-Mid
110450345,2950,Norte,645.1307675718681,174.7676000787648,1114210.0,101.1888671875,Premium
110451076,1220,Sur-Sureste,121.36175726150634,139.08995750091273,1118900.0,70.89076450892857,Budget
110452590,1100,Oeste,265.54714968191473,144.45146194557594,1572980.0,111.12421875,Budget
110462952,1150,Sur-Sureste,125.11722209943578,139.93358626959403,2250230.0,185.42021484375,Budget
110467227,4000,Chamberí,1190.8463047743119,152.5987825267801,1873160.0,240.25048828125,Premium
110468589,2300,Chamberí,103.54508762033383,195.67207135079363,1146195.0,59.3466796875,Mid-High
110472368,1589,Periferia Norte,623.8522853772718,175.5933036506069,1146195.0,100.090625,Low-Mid
110483194,3100,Salamanca-Retiro,103.5146087323172,136.59934334739313,1966730.0,114.2890625,Premium
110483728,10000,Centro,671.2140069869487,159.2738848974323,1521195.0,158.13935546875,Premium
110487273,1400,Centro,741.8751294638325,155.54918496802034,1147245.0,147.94296875,Low-Mid
110491902,1454,Periferia Norte,366.742766740323,204.67633674895734,1146195.0,96.67744140625,Low-Mid
110492075,1043,Periferia Norte,424.9481257686601,184.82526899069924,1146195.0,105.2693359375,Budget
110492427,2800,Salamanca-Retiro,524.4239121328169,165.76372020125206,1148500.0,105.848828125,Premium
110500272,1650,Centro,193.25708500459092,133.55086031079705,1928900.0,126.796875,Low-Mid
110509822,8500,Salamanca-Retiro,804.6744272231483,157.09679931818656,1146195.0,147.4140625,Premium
110513296,2700,Salamanca-Retiro,578.1349487141491,131.32553755977625,1289480.0,116.5916015625,Mid-High
110517335,2500,Salamanca-Retiro,171.42420084254707,171.06671578259142,1148320.0,86.94267578125,Mid-High
110522835,3700,Chamberí,617.9807319333072,175.53020161276586,1146195.0,107.4173828125,Premium
110525117,4900,Salamanca-Retiro,1836.3982775878208,153.381380468806,1227625.0,192.92353515625,Premium
110533961,2700,Salamanca-Retiro,664.9243884783866,134.66211708227303,1420730.0,132.45146484375,Mid-High
110534872,3205,Chamberí,699.7813517304618,147.27522950025417,1146195.0,139.23798828125,Premium
110536163,1250,Centro,1272.1499905238538,158.20660939074835,2061380.0,255.91640625,Budget
110550730,2200,Chamberí,215.8434304717748,136.49871995981806,2300030.0,125.001953125,Mid-High
110553067,980,Oeste,149.59129376050774,135.15356476347964,2250230.0,172.6751953125,Budget
110553437,2400,Salamanca-Retiro,514.0809770992289,161.50728702793856,1146195.0,133.7541015625,Mid-High
110565989,2400,Salamanca-Retiro,102.4890828976834,159.73851221157966,1154720.0,64.98037109375,Mid-High
110570990,2100,Periferia Norte,509.107308655866,160.84936742994086,1336695.0,115.8365234375,Mid-High
110580566,4950,Salamanca-Retiro,940.0273964379434,169.58994568026793,1148370.0,119.31748046875,Premium
110581052,4950,Chamberí,1263.5466273042052,148.60191013254996,1145060.0,208.5466796875,Premium
110582858,2000,Chamberí,136.82901805931496,200.90116616922333,1146110.0,75.42275390625,Mid-High
110583787,4800,Salamanca-Retiro,788.3713648268663,143.6146903339999,1420730.0,201.96337890625,Premium
110586031,2450,Periferia Norte,476.29578694794634,188.3378072850192,1146195.0,88.88837890625,Mid-High
110586657,1700,Centro,447.06794694700693,136.9944782693655,2249635.0,231.6771484375,Low-Mid
110587310,2600,Salamanca-Retiro,459.6328397164668,180.9561061423384,1280445.0,137.356640625,Mid-High
110594718,1290,Chamberí,493.44251562769693,182.70340472986794,1227625.0,96.78330078125,Budget
110596263,2500,Salamanca-Retiro,262.6586086465512,163.34398841332288,1289630.0,100.85908203125,Mid-High
110601837,1400,Centro,697.4990131253315,147.34030003092587,1147245.0,138.21943359375,Low-Mid
110604022,2300,Oeste,664.5291153184896,177.14844982872188,1146195.0,118.7501953125,Mid-High
110604506,1490,Salamanca-Retiro,342.74608329963627,183.22104404162343,1227625.0,135.7453125,Low-Mid
110608619,5800,Centro,754.6488225544225,163.73747691410418,1146195.0,169.3365234375,Premium
110609276,2250,Salamanca-Retiro,1079.0456158140853,168.56040793797075,1146195.0,144.5607421875,Mid-High
110610742,1500,Centro,204.18750210624322,150.09354363993452,1214050.0,120.3513671875,Low-Mid
110620533,1400,Periferia Norte,228.311526937468,153.29144988857712,967475.0,76.77216796875,Low-Mid
110620727,1900,Norte,362.42477155317164,157.3391176868416,1148500.0,116.57607421875,Mid-High
110621152,1900,Centro,352.13633019799283,158.1387910216568,1708695.0,144.37890625,Mid-High
110621419,2100,Centro,452.81439471926694,172.98608202411347,1144935.0,114.22314453125,Mid-High
110621564,2500,Chamberí,338.00876876355596,123.15451542432848,1289480.0,129.24091796875,Mid-High
110626504,4095,Centro,434.83932410706836,146.54310314139758,1769900.0,177.95185546875,Premium
110627701,2600,Norte,154.07180230211208,164.98621416227826,1146195.0,76.18037109375,Mid-High
110629707,2800,Norte,1382.2312066872748,177.81538197075105,1146110.0,146.6548828125,Premium
110630960,2820,Salamanca-Retiro,166.71255674504852,142.25318581990868,1258695.0,99.441015625,Premium
110638385,1390,Periferia Norte,376.0343156960902,139.97932985712092,2250230.0,217.215625,Low-Mid
110642408,1300,Oeste,410.4926730578657,149.07862166191518,1242945.0,128.28115234375,Budget
110646168,1600,Chamberí,367.06237117462535,177.9734704561182,1896795.0,102.13330078125,Low-Mid
110652921,2200,Centro,945.1025966801028,169.3027123615987,1146195.0,149.2994140625,Mid-High
110654451,1550,Sur-Sureste,517.6865472396809,133.32343481069537,967390.0,139.04013671875,Low-Mid
110656999,3290,Salamanca-Retiro,183.55461690073983,175.91231482669363,1146195.0,74.12607421875,Premium
110658994,2650,Salamanca-Retiro,801.2778899212606,161.68588048494615,1551980.0,170.00029296875,Mid-High
110662217,8500,Centro,784.8183268089235,156.9659984858572,1148500.0,153.1748046875,Premium
110662370,1300,Oeste,321.93830585084413,140.2687771857075,2250230.0,144.73193359375,Budget
110664911,1600,Norte,270.78078316724634,146.53909898939725,1146195.0,101.4064453125,Low-Mid
110670029,2100,Norte,327.9743267162595,131.07285958528013,1814480.0,144.03486328125,Mid-High
110671413,7500,Chamberí,301.7538622185524,190.94627641996982,1147245.0,97.2689453125,Premium
110671552,2400,Chamberí,888.0424657813521,139.28103374974629,1289480.0,187.08896484375,Mid-High
110673314,1790,Salamanca-Retiro,881.6153576376635,141.78314606311233,2250230.0,270.5984375,Low-Mid
110673384,1550,Norte,350.3741949957906,159.262103271755,1153400.0,119.8619140625,Low-Mid
110677114,1350,Norte,557.6938734321618,123.54878947715957,1519144.4444444445,180.53721788194446,Budget
110682803,3800,Norte,388.3503078368587,132.08548996422098,1289480.0,120.0447265625,Premium
110686398,2200,Salamanca-Retiro,791.3533444642352,149.74336702200097,1289480.0,128.5861328125,Mid-High
110687835,4200,Salamanca-Retiro,785.4049985824297,181.18188069421194,1146345.0,122.33798828125,Premium
110689659,4300,Chamberí,154.26405446716439,171.72650811677494,1420730.0,100.1603515625,Premium
110691417,8000,Salamanca-Retiro,715.8945766350424,163.63304215101792,1148500.0,145.15517578125,Premium
110702485,6500,Centro,630.4542811547847,173.38193869871785,1148500.0,149.84609375,Premium
110716872,4000,Centro,759.4817801817504,160.7711870816786,1146195.0,155.2515625,Premium
110719394,2200,Salamanca-Retiro,211.5739463282984,180.85285824546116,1146195.0,76.2478515625,Mid-High
110719845,3500,Salamanca-Retiro,487.93112036572137,176.2822290139174,1146195.0,114.38798828125,Premium
110719888,4500,Centro,889.8147314442706,173.24817003475022,1146110.0,125.0857421875,Premium
110720245,2500,Oeste,862.8756625004422,171.88969756430066,1521410.0,195.4416015625,Mid-High
110722202,2950,Periferia Norte,643.2557569301541,127.10356596866197,1334245.0,176.6056640625,Premium
110725019,1950,Salamanca-Retiro,560.0192221080207,184.16575462769998,1146195.0,111.906640625,Mid-High
110726723,6000,Oeste,782.2323081165356,161.4788388581388,1146195.0,135.1046875,Premium
110727998,1900,Salamanca-Retiro,596.899713280284,143.85897006994276,1251530.0,152.6693359375,Mid-High
110732552,2585,Periferia Norte,427.6409777390495,207.837153253318,1147245.0,71.56376953125,Mid-High
110740082,1450,Arganzuela,358.51453657193065,134.3355565855621,2244980.0,240.63935546875,Low-Mid
110740479,1600,Salamanca-Retiro,993.2738072324194,155.69819645420904,1125795.0,138.6150390625,Low-Mid
110744194,5000,Salamanca-Retiro,117.95718131317135,169.11563099783476,1145685.0,91.0548828125,Premium
110744975,2150,Salamanca-Retiro,1227.4964948508962,135.77517762777742,1289480.0,142.12734375,Mid-High
110745753,2000,Norte,186.7502950264558,136.3933999482986,1146195.0,86.794921875,Mid-High
110749570,1690,Oeste,253.16750745648383,164.6725931232218,1968830.0,132.3583984375,Low-Mid
110752326,2100,Oeste,387.3293560957156,128.2983335190351,3513800.0,284.01875,Mid-High
110752437,2200,Arganzuela,416.7074570578434,188.7103288100118,1146110.0,114.60126953125,Mid-High
110755414,3500,Salamanca-Retiro,505.08298833989886,169.50813158761997,1926710.0,154.88056640625,Premium
110756020,1712,Periferia Norte,543.0089607729694,168.8315762554096,1400055.0,127.54482421875,Low-Mid
110762912,1750,Arganzuela,200.35776916150655,157.37131574077955,1147245.0,86.10595703125,Low-Mid
110769211,3600,Centro,320.6980614811757,172.30208419509285,1146195.0,98.5857421875,Premium
110778687,1300,Chamberí,90.68437365516657,140.05819479800235,2250230.0,138.42958984375,Budget
110783997,3200,Salamanca-Retiro,456.4996655823161,167.94173919854236,1146195.0,113.09130859375,Premium
110784914,1750,Periferia Norte,445.7710328919182,172.5116654686378,1175595.0,105.03134765625,Low-Mid
110787640,1980,Periferia Norte,1082.501681957365,137.82272340211105,1835480.0,187.34833984375,Mid-High
110787869,2000,Centro,472.8108951093137,132.48414138443735,1683230.0,191.57724609375,Mid-High
110791955,1500,Sur-Sureste,517.1376420307154,173.37638808514367,1146195.0,95.078515625,Low-Mid
110797878,1150,Norte,322.48476112098325,141.62429495018154,1283445.0,111.06025390625,Budget
110798477,3500,Salamanca-Retiro,542.430452101182,191.70814935808306,1227625.0,129.08046875,Premium
110799906,1850,Norte,459.24190879956404,148.68235607152525,1289480.0,102.8099609375,Mid-High
110801045,2100,Centro,423.4332787560571,157.8633409628998,1148500.0,105.784375,Mid-High
110801052,1450,Arganzuela,437.80834351106785,186.4246211212159,1146195.0,107.73916015625,Low-Mid
110801607,5500,Centro,138.10370843720253,122.60609534013838,1289480.0,90.21708984375,Premium
110802866,4200,Centro,142.81406069869627,137.19566402175644,1289480.0,81.89013671875,Premium
110803171,1000,Centro,630.3837209173295,157.96625307548385,1147245.0,121.8091796875,Budget
110803519,3800,Centro,219.34434458211072,116.74514382569802,1282700.0,127.4935546875,Premium
110803756,2000,Centro,863.8377746117843,136.8432046987676,1145025.0,157.68349609375,Mid-High
110809832,1990,Norte,310.40323977448315,188.59549164652185,1146110.0,127.525,Mid-High
110812755,3200,Chamberí,894.7949174838668,176.356346383995,1146110.0,124.41318359375,Premium
110813570,3500,Chamberí,214.2715201085476,151.64767008048165,1773490.0,125.50927734375,Premium
110813786,13995,Oeste,888.273944729231,145.46740116539345,1148500.0,156.2375,Premium
110813878,1750,Periferia Norte,1074.6762129114074,145.71953266321424,1364455.0,177.98095703125,Low-Mid
110814121,3140,Norte,167.3211474519822,185.25504069576718,1146195.0,65.00732421875,Premium
110816611,3700,Centro,723.7690523336257,150.37833603750676,1145295.0,141.91884765625,Premium
110834529,5000,Salamanca-Retiro,214.14329871442246,128.65414918281854,2250230.0,230.09521484375,Premium
110837914,1540,Centro,375.81593756855295,186.99671121334444,1146110.0,102.624609375,Low-Mid
110838666,1540,Centro,389.6877695493138,185.59006801518746,1146110.0,107.28056640625,Low-Mid
110841189,1490,Centro,794.6333267946446,162.0362360630975,1289480.0,137.21591796875,Low-Mid
110842067,1300,Norte,778.65094944916,147.97995178320633,1111880.0,79.35673828125,Budget
110842537,12000,Salamanca-Retiro,710.035789243245,173.9643368784262,1146195.0,130.351953125,Premium
110842605,2950,Salamanca-Retiro,200.9706727157838,177.62845227017837,1147995.0,70.05087890625,Premium
110842942,8000,Salamanca-Retiro,965.4983517283002,140.09011061784364,1393395.0,175.76162109375,Premium
110847927,2200,Salamanca-Retiro,141.39041725559588,175.724982540471,1146195.0,67.6380859375,Mid-High
110850136,3500,Salamanca-Retiro,438.12856491035245,161.47330619229137,1147245.0,106.3564453125,Premium
110853610,1600,Norte,890.386921675955,132.59423558838773,1741400.0,191.15597098214286,Low-Mid
110857035,1750,Periferia Norte,200.49030570121164,184.8390918512485,1149595.0,58.96455078125,Low-Mid
110857105,1875,Periferia Norte,197.12330044812296,182.57261295093372,1146195.0,71.5384765625,Mid-High
110858157,2750,Norte,1022.9851444650463,135.6999654464986,1146195.0,154.49951171875,Premium
110859845,2990,Periferia Norte,681.9457771630975,207.7282605210231,1147245.0,66.55009765625,Premium
110860322,1760,Centro,294.39183938190257,143.05281301786184,1146110.0,126.6369140625,Low-Mid
110868019,1650,Centro,307.63276012024244,163.0797745268066,1146110.0,112.02216796875,Low-Mid
110874343,1450,Centro,2781.9680322563586,148.86668436960312,1343160.0,174.225,Low-Mid
110877824,3000,Centro,849.8997926898934,157.8003548857817,1146195.0,124.12744140625,Premium
110882513,5200,Centro,478.2304209203406,161.3431884930816,1551980.0,165.47724609375,Premium
110883483,1200,Salamanca-Retiro,108.11940839139172,134.27810964299655,2745645.0,140.3462890625,Budget
110884593,2500,Oeste,457.5768591654388,199.993109762382,1146195.0,104.85625,Mid-High
110886547,3800,Centro,159.7394996626312,166.23730267757546,1146195.0,75.57998046875,Premium
110887583,2300,Norte,257.3801458040422,180.06316257745615,1146195.0,106.7482421875,Mid-High
110887610,1050,Centro,111.5964496561814,148.3186743342212,967025.0,70.26337890625,Budget
110893370,1300,Centro,703.9600612530346,156.9435966023316,1289480.0,153.36572265625,Budget
110893620,3750,Oeste,1031.6285230986337,145.51236409914162,1666580.0,163.18388671875,Premium
110893629,1500,Salamanca-Retiro,181.96317078984572,132.69573406222176,1118900.0,80.33844866071429,Low-Mid
110894619,1190,Salamanca-Retiro,465.48031084981193,146.37526552893183,949095.0,79.03896484375,Budget
110896315,3450,Periferia Norte,1898.0199572298097,172.01186849399826,1146645.0,254.22646484375,Premium
110904651,1450,Periferia Norte,549.7709487007126,134.59120907603665,2194630.0,148.0205078125,Low-Mid
110908045,2000,Sur-Sureste,962.7366865371832,162.42515274283673,1420730.0,173.19189453125,Mid-High
110923095,1120,Centro,171.40827261664302,121.51355836786797,1420730.0,106.7962890625,Budget
110923776,1850,Norte,821.466047057402,141.04319479531264,1226180.0,171.48154296875,Mid-High
110928430,12900,Oeste,959.7355025921481,162.4102093300342,1146195.0,144.69501953125,Premium
110928935,1205,Sur-Sureste,685.8056741733814,188.19945375381243,1147245.0,105.46806640625,Budget
110935001,2000,Norte,169.15974430163428,179.6471802529308,1146195.0,60.7029296875,Mid-High
110935495,2500,Salamanca-Retiro,435.5939150253791,185.44347155695434,1333760.0,105.98330078125,Mid-High
110938428,2650,Salamanca-Retiro,242.10792860742418,146.99907239163588,966730.0,89.18515625,Mid-High
110942992,2500,Periferia Norte,339.5271773601438,151.3375257574098,1420730.0,167.2240234375,Mid-High
110949188,1995,Norte,772.944033805982,179.4252280649393,1146195.0,103.21171875,Mid-High
110949371,5300,Norte,249.68611356955708,144.33171491380966,967390.0,92.49013671875,Premium
110950229,2500,Oeste,464.94711566324384,159.08446828897695,1145725.0,91.0974609375,Mid-High
110950699,6500,Centro,539.0004917493445,146.94102402564062,1146195.0,126.80341796875,Premium
110953814,2400,Chamberí,838.4654763129772,178.04576248221807,1146195.0,158.96376953125,Mid-High
110954115,3500,Salamanca-Retiro,572.2433975472364,172.47802844780563,1227625.0,148.21279296875,Premium
110955756,3600,Salamanca-Retiro,270.74925844418425,131.91197798281638,2181110.0,221.555859375,Premium
110956201,3500,Chamberí,191.07529175482892,169.74582258226476,1146195.0,85.18837890625,Premium
110960617,1795,Centro,784.8445122989995,152.8002534677819,1146195.0,145.13212890625,Low-Mid
110961425,900,Periferia Norte,393.65761703990995,140.96642268159235,967475.0,110.6322265625,Budget
110962635,10000,Centro,657.3811731911289,138.7377493402843,1149510.0,140.40751953125,Premium
110962808,5800,Salamanca-Retiro,512.5175626166208,167.57123622962962,1146195.0,100.44345703125,Premium
110964064,2200,Norte,346.0752725331858,119.78148228857404,2076980.0,156.5298828125,Mid-High
110965078,1200,Norte,426.82835554532994,147.37246603038088,1289480.0,145.86533203125,Budget
110971169,12000,Centro,616.1864825757461,168.84456387740374,1371645.0,159.294140625,Premium
110972174,1800,Centro,365.59022175321684,156.60267186275297,1227625.0,121.28623046875,Low-Mid
110973450,1870,Oeste,167.96474793247316,168.50350030315002,1227625.0,100.0537109375,Mid-High
110976338,2670,Salamanca-Retiro,654.5712817268645,149.4133049167341,1146195.0,117.08427734375,Mid-High
110977394,4500,Salamanca-Retiro,1076.9319218862345,154.41009677990456,1164945.0,144.75537109375,Premium
110978127,8000,Salamanca-Retiro,411.6117602368448,163.3791271697938,1148500.0,121.7078125,Premium
110980656,12000,Centro,447.07217808991874,179.60571256783265,1675965.0,179.0083984375,Premium
110980760,2600,Chamberí,38.06683916444007,166.99108209927007,2118980.0,128.5982421875,Mid-High
110989012,2300,Oeste,289.8269045438748,175.17963917331673,1146195.0,78.59130859375,Mid-High
110991997,1750,Norte,288.57044337749096,100.609819906658,967390.0,69.5830078125,Low-Mid
110992171,1200,Arganzuela,386.5916746986875,176.46686199830896,1146195.0,117.1787109375,Budget
110995715,3700,Oeste,300.82029379277117,107.86715384982699,1719250.0,158.305078125,Premium
110996232,1750,Norte,938.6932572905473,172.352135651551,1146195.0,135.7681640625,Low-Mid
110998702,2400,Periferia Norte,1730.58445626794,118.73578956904316,1289250.0,285.25693359375,Mid-High
110999139,2400,Centro,1148.9302145915422,142.5980305689981,1290230.0,185.873046875,Mid-High
111001382,3350,Chamberí,770.3773301501649,145.1493601589999,1146195.0,136.68740234375,Premium
111002729,4000,Centro,439.92270912067227,201.91184799440515,1289480.0,135.28740234375,Premium
111002807,4000,Chamberí,256.24482762167946,171.88409229326336,1153110.0,94.38427734375,Premium
111003387,4500,Centro,275.66627532985154,175.52152230570056,1153110.0,79.16630859375,Premium
111003937,2500,Centro,486.3155240272439,145.75839595234055,967475.0,92.2873046875,Mid-High
111004837,3000,Periferia Norte,666.5837762750859,152.81197938200344,1148500.0,136.036328125,Premium
111005011,2000,Norte,521.1589395607967,113.01711172170657,1681400.0,140.66224888392858,Mid-High
111005805,2500,Salamanca-Retiro,702.7181180053431,179.19290455483969,1146195.0,127.1107421875,Mid-High
111007942,1250,Chamberí,213.46639105692014,172.81501467997978,1620195.0,125.78369140625,Budget
111008333,3600,Chamberí,648.0461102389796,170.78547169378047,1146195.0,105.03564453125,Premium
111008815,1700,Periferia Norte,893.6521332479642,169.6126654796642,1146495.0,138.88583984375,Low-Mid
111009032,2000,Norte,836.5198777920505,109.64703106529939,1814480.0,247.78916015625,Mid-High
111009572,1395,Periferia Norte,824.6877011790424,133.30174191192293,1013630.0,112.82001953125,Low-Mid
111010425,3000,Salamanca-Retiro,337.1336157562945,176.88364612847346,1146410.0,95.18115234375,Premium
111010911,2700,Centro,412.86125404083305,177.21477610862365,1148500.0,101.61328125,Mid-High
111013352,2100,Periferia Norte,131.21019778732236,124.8781808584069,1289480.0,106.49794921875,Mid-High
111015623,1580,Centro,814.1764093484632,156.65079814960043,1511180.0,214.38154296875,Low-Mid
111016051,1700,Periferia Norte,972.481928224003,176.47828982632535,1146195.0,120.6662109375,Low-Mid
111016537,1500,Salamanca-Retiro,273.55237926187203,122.76560984182598,1289480.0,158.2654296875,Low-Mid
111016822,1200,Centro,263.63302764617254,168.2791378490196,1146195.0,93.094921875,Budget
111017146,3600,Salamanca-Retiro,487.4802261260559,187.39665785164954,1146195.0,101.09326171875,Premium
111017672,7500,Norte,605.565269477362,177.58406642176953,1146110.0,127.9451171875,Premium
111021381,2100,Arganzuela,447.0880416876581,168.55578199839914,1289480.0,126.21572265625,Mid-High
111021464,2300,Salamanca-Retiro,205.3569755150467,140.06678573556525,1289480.0,129.8525390625,Mid-High
111025006,2255,Norte,515.1335680202926,191.1396453727823,1140135.0,76.93017578125,Mid-High
111026384,1075,Sur-Sureste,526.2735474200668,203.34291937271786,1147245.0,82.70908203125,Budget
111027408,1590,Norte,471.19238420297313,176.21553366867232,1140135.0,73.36640625,Low-Mid
111027766,14500,Salamanca-Retiro,364.2796479933388,164.18336875853305,1146195.0,122.25888671875,Premium
111028352,1295,Periferia Norte,413.7174544387406,116.49769936327678,2250230.0,256.62470703125,Budget
111029193,3500,Chamberí,292.3651762069686,195.7948485461398,1146285.0,88.57109375,Premium
111029642,1225,Sur-Sureste,361.7382136499195,189.96495099176062,792990.0,59.7369140625,Budget
111029801,2600,Centro,479.32693436683,144.46165105530596,1058495.0,111.66044921875,Mid-High
111031108,2750,Periferia Norte,322.90942795589143,175.90398115209848,1146345.0,96.11630859375,Premium
111031229,2400,Norte,522.3735139015221,183.61695336053015,1146795.0,93.26376953125,Mid-High
111034143,1450,Periferia Norte,207.6312447284566,149.80569454486448,1986110.0,158.03837890625,Low-Mid
111034699,4500,Norte,1356.8707691706018,153.94626594724338,1310480.0,188.23603515625,Premium
111039962,3750,Oeste,2189.3555358887197,176.58128619169003,1146195.0,143.32041015625,Premium
111042623,1590,Norte,177.82106782681052,116.7285032218143,2967850.0,206.08310546875,Low-Mid
111044017,1950,Centro,961.0848638198379,165.27719735366458,1299830.0,151.4849609375,Mid-High
111051032,2200,Chamberí,533.9361337231079,170.30697781764707,1146195.0,106.60712890625,Mid-High
111054218,1900,Centro,1777.8749778750291,181.59470748126296,1289480.0,201.18330078125,Mid-High
111057397,1150,Periferia Norte,119.64012401219877,142.70287096840823,967475.0,71.554296875,Budget
111058640,1950,Norte,610.9052390717097,178.26122695424834,1146195.0,136.144140625,Mid-High
111059703,1700,Periferia Norte,281.28912484672185,148.7383917433046,1551980.0,122.982421875,Low-Mid
111059797,1240,Oeste,530.7097906413927,134.59977868604668,1272310.0,157.00244140625,Budget
111061740,1590,Salamanca-Retiro,1281.979803546345,143.9783065576173,967390.0,138.4359375,Low-Mid
111062046,1700,Norte,202.02731962843865,181.7737674861592,1145930.0,99.61728515625,Low-Mid
111066930,950,Centro,298.4578427824811,129.16906263556183,1289480.0,110.9517578125,Budget
111067616,2400,Chamberí,1124.1757548192459,180.53187023529932,1146195.0,157.72783203125,Mid-High
111067782,3500,Chamberí,645.3294935382673,181.12360862672386,1147010.0,104.51025390625,Premium
111068621,1950,Centro,771.3728012386725,165.4241320203821,1299530.0,142.9255859375,Mid-High
111069346,12000,Centro,629.9642795879545,171.32086351627123,1146450.0,140.90595703125,Premium
111071160,2050,Norte,517.5226327487245,182.79112155746208,1146110.0,96.8947265625,Mid-High
111072408,2000,Periferia Norte,1947.2927722742381,163.79588895563336,1146195.0,255.66484375,Mid-High
111079323,1400,Salamanca-Retiro,348.2562115849388,155.2068762435678,1146195.0,120.12509765625,Low-Mid
111080992,2150,Norte,140.65923537186225,167.1515548878114,1620645.0,119.8072265625,Mid-High
111081461,1300,Chamberí,1154.5706249530472,156.63876283827045,1289480.0,176.2166015625,Budget
111081526,2000,Centro,706.275150189653,123.54244824463584,1492780.0,201.02998046875,Mid-High
111084877,2600,Centro,740.2751594029266,151.2564943946832,1292630.0,166.05400390625,Mid-High
111087967,1000,Periferia Norte,473.22119708637126,128.96170413076658,2284180.0,211.11669921875,Budget
111094925,3890,Chamberí,686.6863047703009,163.638858440637,1333695.0,130.90830078125,Premium
111101000,1750,Norte,1003.9760099268766,190.66843579561677,1146195.0,136.72861328125,Low-Mid
111109494,2180,Norte,481.4803015386854,133.49430773893226,1683230.0,198.54345703125,Mid-High
111110227,1800,Salamanca-Retiro,309.5367254352473,169.67029726489915,1420730.0,146.98857421875,Low-Mid
111110445,1800,Salamanca-Retiro,344.20167731013765,154.1313591683309,2250230.0,173.47978515625,Low-Mid
111110780,1250,Salamanca-Retiro,256.9109660151054,175.01073478275947,1441730.0,139.30791015625,Budget
111111307,1900,Chamberí,428.4593505199635,151.2591892967648,1401980.0,166.50927734375,Mid-High
111112364,2700,Centro,935.9197963251021,122.4155964949197,2465990.0,243.11650390625,Mid-High
111112868,1100,Chamberí,443.4134815907265,138.32549141801417,1704530.0,130.5466796875,Budget
111113165,5500,Salamanca-Retiro,302.797225515042,164.95451045120416,1145445.0,109.33076171875,Premium
111115667,1950,Periferia Norte,455.392055773157,162.65578835093518,1323630.0,140.8607421875,Mid-High
111118163,1500,Salamanca-Retiro,457.45680055314523,152.55988025827804,959785.0,93.35556640625,Low-Mid
111118529,1100,Oeste,547.8453239264466,136.4031250628462,1420730.0,183.1525390625,Budget
111120677,2000,Centro,370.2415223907273,127.69084201562221,1148500.0,120.67421875,Mid-High
111121106,3900,Salamanca-Retiro,1539.2054530307237,171.29761584409172,1146195.0,195.7970703125,Premium
111121339,2400,Periferia Norte,189.26928394178069,169.64596000580323,1151200.0,90.94521484375,Mid-High
111125275,2735,Centro,1938.5947357812686,131.38192196982112,967390.0,153.918359375,Premium
111125739,2600,Norte,465.7164256056427,165.36672333930247,1148500.0,131.80302734375,Mid-High
111126053,2765,Centro,1827.6307708060806,145.14865824761958,967390.0,144.3685546875,Premium
111126425,2600,Norte,1311.6196057926466,164.38825488815704,1147365.0,222.1173828125,Mid-High
111126448,1500,Centro,353.6383701928984,120.40433209997609,2076980.0,208.73720703125,Low-Mid
111126510,7800,Norte,492.770056142697,113.31449573461646,1626230.0,181.36298828125,Premium
111127479,3000,Salamanca-Retiro,656.3824520872779,148.91420983921708,1289480.0,128.91142578125,Premium
111127603,1250,Norte,775.8383294876464,121.09164994798357,2076980.0,227.5970703125,Budget
111129494,1500,Centro,181.59684302932516,136.8360094886306,967475.0,89.638671875,Low-Mid
111130302,3500,Salamanca-Retiro,1539.6284541447496,167.02321016642804,1146195.0,173.75556640625,Premium
111130548,1950,Salamanca-Retiro,984.624894554232,151.12663628865533,1289480.0,162.02080078125,Mid-High
111130663,1750,Salamanca-Retiro,213.0565106034704,178.00001202526715,1146195.0,95.2083984375,Low-Mid
111130733,1700,Salamanca-Retiro,257.8818806532164,139.90212985099677,1289480.0,98.46640625,Low-Mid
111130757,1600,Salamanca-Retiro,597.0952652639974,119.97080247391818,2250230.0,142.81240234375,Low-Mid
111130782,1400,Chamberí,487.9810027212067,176.9743196591691,1289480.0,84.89423828125,Low-Mid
111130980,1190,Norte,171.93241012447882,136.97681816916423,1289480.0,111.662109375,Budget
111131119,845,Salamanca-Retiro,198.41464246482738,153.80034528684138,1551980.0,104.9474609375,Budget
111131126,1800,Centro,444.0081460560964,177.96698146471107,1146195.0,100.13544921875,Low-Mid
111131295,1500,Norte,566.0014300284325,163.8313751433136,1146195.0,124.8623046875,Low-Mid
111131357,2750,Centro,1695.0401344472143,166.05566156033396,967390.0,141.67197265625,Premium
111131445,1950,Norte,537.9710155612036,170.65500014012326,1333755.0,116.79501953125,Mid-High
111131461,1400,Periferia Norte,369.33004556850335,126.04692433909072,1289480.0,129.68779296875,Low-Mid
111131529,1200,Chamberí,236.465825217058,176.42006106373873,966820.0,78.014453125,Budget
111131639,1300,Norte,360.5429709375182,130.7714942013379,1420730.0,139.36474609375,Budget
111131680,950,Sur-Sureste,496.5931480775751,164.61104553374835,1513990.0,122.0296875,Budget
111131810,1450,Oeste,309.5883706837893,162.5919590146154,1683230.0,160.86884765625,Low-Mid
111131862,2850,Salamanca-Retiro,362.2540197211096,177.96558040885466,1146195.0,95.73291015625,Premium
111131876,1600,Centro,807.7453790088114,172.0755626810398,1551410.0,175.7890625,Low-Mid
111131978,1700,Salamanca-Retiro,374.5972153731945,172.1761407515325,1932618.75,150.917724609375,Low-Mid
111132043,1900,Periferia Norte,187.5616961507423,198.42324957648097,1333695.0,85.87021484375,Mid-High
111132111,2200,Norte,853.4562987729578,177.73225455645297,1146195.0,137.72265625,Mid-High
111132185,4900,Centro,655.1353256477053,174.61960766283522,1934865.0,184.79541015625,Premium
111132189,1300,Arganzuela,707.0172333004018,116.63804939092306,1920680.0,242.20087890625,Budget
111132204,4900,Chamberí,608.5304586659357,180.95551082037383,1599645.0,203.8095703125,Premium
111132208,960,Centro,422.8786876019141,147.80947086320612,1945730.0,167.74052734375,Budget
111132229,2750,Oeste,242.94364875824354,160.34244556048344,1146195.0,93.89716796875,Premium
111132258,1600,Arganzuela,652.3876736604444,165.73148836658368,1146195.0,149.4443359375,Low-Mid
111132304,2805,Centro,1628.8115428486597,156.9647987787173,967390.0,146.31611328125,Premium
111132318,1150,Periferia Norte,666.1695522811801,153.49353376209666,1524195.0,107.08369140625,Budget
111132478,1400,Norte,463.8772117248035,150.9185378846094,1363695.0,152.4087890625,Low-Mid
111132635,1700,Norte,346.7537774867225,138.41190981796063,2339315.0,165.31767578125,Low-Mid
111132636,1400,Chamberí,548.4277491485897,185.91965317134003,1987730.0,183.37783203125,Low-Mid
111132754,1200,Centro,635.2221148366594,114.91919877027321,2097980.0,211.077734375,Budget
111132779,2785,Centro,1674.46775399695,146.04902584145492,967390.0,144.2830078125,Premium
111132808,1700,Norte,308.4496786131091,168.25688566506773,1188530.0,74.50400390625,Low-Mid
111132851,2715,Centro,1811.8750057324846,131.52922149939008,967390.0,141.24404296875,Premium
111132857,1250,Centro,593.7754021501653,151.22923376175157,967175.0,114.3142578125,Budget
111133196,1250,Sur-Sureste,207.07106621058816,165.25810904061083,1289330.0,102.517578125,Budget
111133233,1600,Centro,246.83798328498074,144.76614238148233,1835480.0,187.92509765625,Low-Mid
111133402,1850,Periferia Norte,452.8875520526376,146.8780677811098,2000780.0,213.8072265625,Mid-High
111133430,1890,Oeste,313.97027831742537,191.1222773632061,1289480.0,86.05390625,Mid-High
111133461,2800,Salamanca-Retiro,629.7125112721695,173.3733744157226,1239945.0,172.41630859375,Premium
111133506,1400,Salamanca-Retiro,243.99326103357984,147.84374983793444,1146195.0,90.9005859375,Low-Mid
111133520,1100,Sur-Sureste,108.4854570023128,117.569541977429,1782693.75,100.1221923828125,Budget
111133702,1290,Chamberí,457.28512434507064,167.39788762069233,1146495.0,128.0623046875,Budget
111133707,3500,Norte,32.75617785868849,182.6105473197577,2967850.0,136.21337890625,Premium
111133712,1200,Norte,541.5724625365526,127.62978254981287,2229230.0,263.208984375,Budget
111133869,1550,Periferia Norte,494.4020796200405,163.19969824222375,2115230.0,231.87197265625,Low-Mid
111133993,1700,Norte,166.04046303347863,136.44053008178577,2216315.0,125.48447265625,Low-Mid
111134036,5000,Salamanca-Retiro,1147.093095022216,173.88950196847702,1333695.0,193.92431640625,Premium
111134183,1500,Norte,281.5654692544141,134.72637081645394,2113115.0,171.324609375,Low-Mid
111134240,1400,Salamanca-Retiro,340.2509083244224,133.29769514843431,1257380.0,134.94697265625,Low-Mid
111134298,1100,Norte,101.39177113897287,122.44084111644531,2976860.0,186.14931640625,Budget
111134378,2350,Centro,687.0813671498984,175.9171458845933,1289330.0,130.54736328125,Mid-High
111134441,950,Sur-Sureste,363.71175956445074,131.7996336429392,1153960.0,96.35625,Budget
111134476,1250,Sur-Sureste,347.21801226535325,126.18008485420613,1306400.0,99.3759765625,Budget
111134587,1900,Salamanca-Retiro,448.2213603076205,154.18717826612888,1287800.0,126.74599609375,Mid-High
111134757,2800,Norte,200.81140908271203,137.24138283534788,2250230.0,161.8814453125,Premium
111134773,2750,Chamberí,221.74352485278055,170.4691561608767,1146285.0,87.35234375,Premium
111134774,1750,Norte,188.40759807754802,166.25652103193795,1146195.0,105.22880859375,Low-Mid
111134823,2500,Norte,752.2165246377041,127.84195866825516,1663035.0,198.72353515625,Mid-High
111134842,3200,Salamanca-Retiro,931.6152949361694,156.17098906633987,1146195.0,128.88994140625,Premium
111134977,2300,Salamanca-Retiro,132.99133918445457,139.15756645336188,2229230.0,150.8869140625,Mid-High
111135151,1600,Arganzuela,300.5777220691365,142.64035846073529,2231745.0,186.12841796875,Low-Mid
111135171,1600,Sur-Sureste,889.5855524824785,102.45653854045663,1551980.0,203.873828125,Low-Mid
111135185,2500,Periferia Norte,369.40296422431015,161.6815957103901,1146195.0,84.48291015625,Mid-High
111135325,2190,Salamanca-Retiro,384.2199096972842,170.69553260715844,1149195.0,89.24560546875,Mid-High
111135380,1500,Periferia Norte,82.69952358156863,128.55433918894965,2118980.0,114.1462890625,Low-Mid
111135389,2500,Salamanca-Retiro,335.0691212030914,165.11864320313208,1270730.0,118.16533203125,Mid-High
111135445,5600,Centro,164.50934333910178,179.0291248945706,1327435.0,94.6798828125,Premium
111135485,2700,Salamanca-Retiro,612.3479957060093,163.14045142170352,1146195.0,119.56962890625,Mid-High
111135492,2100,Chamberí,1921.504131865113,148.53983697830526,1475342.857142857,134.04143415178572,Mid-High
111135513,1200,Salamanca-Retiro,346.3719126848521,99.11195261072284,1458460.0,180.6177734375,Budget
111135901,2950,Centro,745.9969872471579,157.0246616220199,1333695.0,169.54921875,Premium
111135944,1250,Sur-Sureste,16.8407221470107,113.86407968118134,2166922.222222222,80.62771267361111,Budget
111136028,1750,Chamberí,756.3524279782407,174.81801737880684,1148500.0,103.72119140625,Low-Mid
111136114,1000,Chamberí,474.7021520281075,140.43886336982126,1420730.0,150.53798828125,Budget
111136164,4000,Salamanca-Retiro,1030.0138264116922,141.28640768541123,1289480.0,166.01435546875,Premium
111136242,975,Centro,599.9287044703802,147.1882464951448,1289480.0,157.839453125,Budget
111136269,2200,Periferia Norte,330.6410407803197,168.7831669498337,1146110.0,124.33232421875,Mid-High
111136353,950,Sur-Sureste,892.0671164054685,180.72028720268574,1107883.3333333333,120.205078125,Budget
111136365,1150,Centro,73.8824330250707,129.03095713085358,1928900.0,104.33830915178571,Budget
111136539,1900,Arganzuela,696.3202936245574,129.98643561317448,1704230.0,158.9947265625,Mid-High
111136543,2000,Periferia Norte,511.11018786969674,139.47457881124302,1564383.3333333333,169.90028211805554,Mid-High
111136669,1540,Centro,407.68490295223603,185.59108860935356,1146110.0,107.75087890625,Low-Mid
111136713,3000,Chamberí,230.0016635708358,195.20295338130808,2518395.0,132.4189453125,Premium
111136774,1060,Salamanca-Retiro,409.7014025562428,128.27512293233042,2166922.222222222,220.28287760416666,Budget
111136792,1125,Centro,262.5537425911035,173.46954568103098,1147245.0,82.3015625,Budget
111136815,1300,Salamanca-Retiro,255.82549789462126,134.0026472104138,1289480.0,91.08642578125,Budget
111137207,1195,Periferia Norte,558.7241705459957,181.82216836118374,1146195.0,100.453515625,Budget
111137361,2200,Arganzuela,471.98639526978457,150.7270157011112,1289480.0,129.396484375,Mid-High
111137477,1550,Salamanca-Retiro,331.6408041911748,137.99655474233768,2097980.0,186.26953125,Low-Mid
111137533,1800,Centro,371.5158331485849,157.49924727450656,1711670.0,205.781640625,Low-Mid
111137903,1800,Salamanca-Retiro,253.68063466521912,139.2027974429006,2250230.0,227.5076171875,Low-Mid
111137991,3200,Chamberí,454.7079809827089,162.68822077587777,1289480.0,149.5244140625,Premium
111138128,1600,Chamberí,287.76463399780425,138.59270130023972,1289480.0,121.468359375,Low-Mid
111138264,3200,Norte,107.65151316559707,117.11416038255054,2035575.0,164.47451171875,Premium
111138341,1500,Periferia Norte,456.12119109954426,145.62333761693122,1283445.0,104.33828125,Low-Mid
111138409,1250,Centro,719.6849488229708,155.95659072499163,1289480.0,135.71865234375,Budget
111138426,1050,Sur-Sureste,441.03497158626703,129.441656786308,1289480.0,130.2134765625,Budget
111138443,1800,Chamberí,292.160155557875,155.54418062524286,1559688.888888889,130.3291015625,Low-Mid
111138499,1400,Periferia Norte,279.43269112913697,140.56440775478583,1945730.0,185.0658203125,Low-Mid
111138608,3900,Norte,929.2142666278156,122.74553555501089,1435695.0,186.28037109375,Premium
111138730,2300,Oeste,2920.436960748675,155.76148444957184,1289180.0,159.57919921875,Mid-High
111138924,1650,Centro,442.67374924605474,138.15167874535675,2135630.0,210.70869140625,Low-Mid
111139238,1600,Norte,281.0683940259488,128.4178795808793,2250230.0,157.6828125,Low-Mid
111139410,1300,Chamberí,100.06954320896408,129.4456518796899,2250230.0,192.35361328125,Budget
111139462,1400,Periferia Norte,438.92007385804044,157.35109331380326,779975.0,75.3857421875,Low-Mid
111139504,1700,Periferia Norte,1361.2390248306965,118.56532801751646,2250230.0,282.93388671875,Low-Mid
111139566,2400,Chamberí,222.61086450963688,154.2433995713407,1704230.0,157.6984375,Mid-High
111139668,1750,Norte,363.5236399211464,132.56469556294024,2250230.0,214.68232421875,Low-Mid
111139788,10000,Salamanca-Retiro,594.8362498006995,137.95339024917192,1814480.0,171.50986328125,Premium
111139791,6500,Salamanca-Retiro,444.3831999141674,162.6139944992219,1146195.0,111.02607421875,Premium
111140691,1570,Norte,730.8988531049071,171.40955926530756,1289480.0,171.63046875,Low-Mid
111141638,1460,Salamanca-Retiro,324.04075555632187,178.63141752820977,1289480.0,126.615625,Low-Mid
111142085,3200,Norte,512.1058653894249,118.6440198377336,1570880.0,196.23291015625,Premium
111142173,1000,Norte,482.6495447400075,142.1434059108098,1401435.0,130.81533203125,Budget
111142191,950,Sur-Sureste,311.9399869281376,172.1561056015635,1147245.0,106.3126953125,Budget
111142314,1200,Sur-Sureste,338.58619720328375,107.33294185228172,2248010.0,221.03544921875,Budget
111142468,1000,Norte,443.9301541471709,158.2720826932682,1247330.0,125.02724609375,Budget
111142521,1200,Arganzuela,1210.678309320467,147.50129434748843,1289480.0,178.92021484375,Budget
111142552,1100,Centro,401.37206570687283,149.78855203537813,1814480.0,199.1791015625,Budget
111142611,1300,Sur-Sureste,182.53302500381074,135.4843323223566,1292150.0,112.33671875,Budget
111142899,850,Centro,74.50058134998568,124.80541204229638,1973088.888888889,120.42361111111111,Budget
111142933,15000,Centro,3784.1462145480264,140.55358537973856,1146195.0,291.2732421875,Premium
111142934,1800,Centro,633.412812765103,129.27406357299841,1289480.0,119.11728515625,Low-Mid
111142980,3100,Salamanca-Retiro,352.3248376995398,128.76028109695125,2250230.0,275.08427734375,Premium
111143070,4400,Salamanca-Retiro,205.50234389782776,184.8261588306711,1325120.0,76.651953125,Premium
111143195,2100,Salamanca-Retiro,453.5998349994197,143.7987138384296,2878565.0,279.5501953125,Mid-High
111143251,950,Sur-Sureste,507.7070080419382,159.60546191965358,1289480.0,134.01015625,Budget
111143360,3200,Norte,758.740093204412,166.0684133375691,1146045.0,114.05263671875,Premium
111143419,14000,Salamanca-Retiro,516.9795413701052,161.2965030184096,1521195.0,141.68505859375,Premium
111143453,2590,Norte,357.2434672826625,152.77387850863536,958975.0,75.73994140625,Mid-High
111143598,2500,Salamanca-Retiro,150.1911269490565,136.18570242564593,1289050.0,121.29755859375,Mid-High
111143769,1200,Norte,136.59957764370546,137.0602272177918,1551980.0,97.134375,Budget
111143770,1100,Oeste,410.1134526559084,160.7654753560654,1393711.111111111,119.88118489583333,Budget
111143771,1225,Arganzuela,1048.2882369308318,132.94485317983896,1289480.0,216.09873046875,Budget
111143772,1450,Sur-Sureste,750.0027691077067,134.46604235399872,1835480.0,224.37333984375,Low-Mid
111143782,950,Sur-Sureste,512.8298221056549,138.40096667020032,1683230.0,183.1984375,Budget
111143786,1600,Norte,198.71606657477594,198.67370717958815,1333695.0,87.32333984375,Low-Mid
111143803,3000,Centro,217.1486371180863,133.95553916429827,1997350.0,121.6990966796875,Premium
111143806,1050,Periferia Norte,444.48810570909126,127.03644220692661,1551980.0,203.75908203125,Budget
111143826,2650,Norte,836.4639841980379,139.23231667838985,1146195.0,111.1478515625,Mid-High
111143838,2100,Salamanca-Retiro,338.11695191410365,175.11452384009843,1148735.0,112.34111328125,Mid-High
111143952,1400,Arganzuela,276.7815642445825,182.8891946963015,1146195.0,96.237890625,Low-Mid
111143998,1650,Periferia Norte,874.5610735890562,137.53869879828986,1289480.0,201.61044921875,Low-Mid
111144014,1100,Centro,284.99811587727305,180.53265918845133,1147245.0,87.72421875,Budget
111144091,1050,Norte,302.2404823945417,121.32835184003002,1566885.0,114.3529296875,Budget
111144133,2100,Norte,758.2688916338374,125.12592914419906,1289330.0,181.98486328125,Mid-High
111144259,1300,Centro,553.5722244150342,143.3930888268322,1289480.0,135.76279296875,Budget
111144436,1300,Periferia Norte,212.1074937748321,141.91505972552025,1289480.0,95.30556640625,Budget
111144558,3500,Salamanca-Retiro,323.86580293837767,188.53626464393608,1146195.0,100.9578125,Premium
111144785,1300,Salamanca-Retiro,295.65558700629106,124.383244200938,2556185.0,136.36875,Budget
111144800,2650,Salamanca-Retiro,658.7033941296842,144.11645267241414,1146195.0,154.31220703125,Mid-High
111144858,1850,Norte,788.1953720575633,159.3817409826514,2058230.0,195.1501953125,Mid-High
111144863,1850,Norte,654.5729700137339,137.08356367261212,1509830.0,197.662109375,Mid-High
111144927,2000,Arganzuela,110.56536242338495,161.29005970695897,1117075.0,80.98798828125,Mid-High
111144954,1800,Chamberí,337.6423789326292,153.56249787859562,1606785.0,137.45615234375,Low-Mid
111145025,1500,Norte,979.5805963493019,174.4680604807481,1365315.0,155.82158203125,Low-Mid
111145155,1150,Centro,674.4842789712804,133.69579541567452,773705.0,92.909765625,Budget
111145183,1000,Sur-Sureste,594.2529722901047,140.4744656972538,1814480.0,221.6634765625,Budget
111145359,1900,Sur-Sureste,373.9017619964989,146.57870179106004,1289480.0,109.10751953125,Mid-High
111145370,1650,Norte,560.7824490954465,138.91340619427677,1420730.0,162.86708984375,Low-Mid
111145447,1900,Norte,397.41802544787913,115.45419840010928,1289480.0,148.4869140625,Mid-High
111145502,2090,Salamanca-Retiro,128.79787217177181,153.28043015843204,2063085.0,124.71005859375,Mid-High
111145511,1950,Salamanca-Retiro,643.3683453568573,140.72610820970218,1289480.0,132.6462890625,Mid-High
111145515,2200,Salamanca-Retiro,479.17872422957964,188.33285308269427,1162435.0,114.44873046875,Mid-High
111145557,1400,Sur-Sureste,725.2978693661701,160.23054532747528,2029000.0,176.6195068359375,Low-Mid
111145576,2950,Salamanca-Retiro,301.44735193932473,204.55630887026382,1146045.0,110.38740234375,Premium
111145600,2350,Chamberí,141.87755464868653,125.54174575289076,2456345.0,126.714453125,Mid-High
111145682,1350,Sur-Sureste,356.6165784377131,186.58601957684886,966220.0,70.026953125,Budget
111145813,850,Sur-Sureste,189.37271716125693,113.7002931209061,1202440.0,90.9822265625,Budget
111145968,1300,Sur-Sureste,241.7875199939619,144.1227807178537,966220.0,92.73857421875,Budget
111146130,1500,Arganzuela,451.8839008034262,113.01601060375592,774755.0,77.35546875,Low-Mid
111146260,1200,Periferia Norte,206.50494480301595,156.06519484758275,1146195.0,71.0681640625,Budget
111146360,2400,Periferia Norte,553.8907079586404,179.9987900779623,1069695.0,111.7615234375,Mid-High
111146385,3950,Oeste,801.354866209412,173.78893099347547,1147245.0,138.63759765625,Premium
111146505,1300,Centro,391.5410628085094,168.76038004469015,1462730.0,157.94140625,Budget
111146510,950,Chamberí,87.84629475260053,167.4784144741929,1551980.0,91.205859375,Budget
111146555,2800,Centro,711.0143953492168,170.58129645516968,1289480.0,159.8244140625,Premium
111146587,4500,Chamberí,661.6527754912623,155.82587347395412,1334295.0,147.73134765625,Premium
111146680,1400,Sur-Sureste,193.14902599180797,156.87250423179205,2250230.0,188.5423828125,Low-Mid
111146771,2650,Salamanca-Retiro,620.2477864757917,143.14919326520902,1146195.0,151.3076171875,Mid-High
111146786,1650,Salamanca-Retiro,350.23916043775967,170.58520493081116,1814480.0,190.9966796875,Low-Mid
111146911,1400,Arganzuela,208.9917722808656,222.03407004420677,2250230.0,131.50908203125,Low-Mid
111146996,1125,Sur-Sureste,420.39618188230645,142.0135243836943,2288325.0,246.54130859375,Budget
111147006,1200,Centro,340.2541575501187,134.89083589016602,1289480.0,136.16171875,Budget
111147046,2700,Salamanca-Retiro,88.50512738531438,139.59717837443142,2250230.0,136.26650390625,Mid-High
111147071,1650,Norte,484.32529133609285,116.77004293864574,1573525.0,119.21865234375,Low-Mid
111147167,2500,Norte,102.76493921850889,148.68291519821506,1288345.0,82.23544921875,Mid-High
111147170,1300,Salamanca-Retiro,297.71644273384356,191.18141389642133,792990.0,64.4431640625,Budget
111147195,2500,Oeste,166.60922773069444,164.15193148298223,1121845.0,95.17587890625,Mid-High
111147205,2700,Salamanca-Retiro,490.16096738285717,188.5226001116971,1289480.0,113.45224609375,Mid-High
111147249,1100,Chamberí,931.7980759841621,140.66187243284773,1814480.0,172.34765625,Budget
111147259,1799,Salamanca-Retiro,326.22433977513094,166.25266688882544,1121575.0,97.874609375,Low-Mid
111147332,2800,Centro,1108.0549207119416,175.4109019441799,1146195.0,165.55908203125,Premium
111147407,1400,Norte,1768.1032519955977,160.34960282991491,1146195.0,190.9796875,Low-Mid
111147427,1790,Norte,729.5010798817947,152.33985184317004,1419380.0,146.75439453125,Low-Mid
111147429,1260,Norte,159.3327438041199,139.52252319872764,2250230.0,173.531640625,Budget
111147440,1850,Chamberí,162.06834401493785,164.72481875363744,1306940.0,94.390234375,Mid-High
111147458,1850,Chamberí,194.65709495738514,164.7261762634429,1350575.0,97.01728515625,Mid-High
111147532,1440,Centro,348.7667298166856,169.53240494349427,1416670.0,111.37646484375,Low-Mid
111147555,3750,Salamanca-Retiro,164.22136200709252,172.44299170432245,921325.0,80.53388671875,Premium
111147583,1400,Sur-Sureste,369.294036065068,102.30611615223398,1518100.0,124.5247802734375,Low-Mid
111147694,2750,Oeste,995.479549288954,163.38922394338104,1146195.0,168.6251953125,Premium
111147733,3000,Chamberí,76.16726578790397,173.03411481091916,1896195.0,135.5845703125,Premium
111147803,1300,Salamanca-Retiro,254.86278532322285,125.68472742333817,1814480.0,181.0376953125,Budget
111147805,1300,Sur-Sureste,282.2561602130351,136.8799732952698,1420730.0,103.5115234375,Budget
111147831,1395,Norte,433.14896296723055,113.68416888784671,1593980.0,158.60732421875,Low-Mid
111147863,1390,Periferia Norte,256.02663705805253,147.75051763560555,1284845.0,116.9572265625,Low-Mid
111147883,2700,Salamanca-Retiro,108.64499775262762,196.037425174271,1975415.0,84.97490234375,Mid-High
111147956,1600,Centro,282.44399955694763,141.60912144873475,744675.0,73.462158203125,Low-Mid
111148028,2500,Norte,189.83052005673633,158.66931583917417,1926195.0,140.66748046875,Mid-High
111148052,1600,Salamanca-Retiro,391.4913603540465,162.57859670976694,2967850.0,232.5533203125,Low-Mid
111148059,2150,Norte,513.9536711138926,186.50343244827783,1176195.0,79.91826171875,Mid-High
111148067,2750,Salamanca-Retiro,252.81753424186832,134.11119542345136,1704230.0,139.9728515625,Premium
111148073,1900,Periferia Norte,1834.0957280609364,162.57871982379916,1146195.0,198.2236328125,Mid-High
111148078,1600,Chamberí,491.3602269483549,142.1065718790632,2026040.0,212.68642578125,Low-Mid
111148109,1350,Chamberí,224.0914837415525,144.0495124290299,3643600.0,280.216796875,Budget
111148181,1500,Centro,221.55779078021865,164.01455192061246,1289480.0,105.141015625,Low-Mid
111148212,1500,Norte,245.0268239554117,126.9321771471167,2180180.0,244.787109375,Low-Mid
111148214,2550,Norte,489.5759047687651,148.47510120501983,1409865.0,152.53095703125,Mid-High
111148250,2150,Norte,127.87692942691918,131.03056626347808,2250230.0,167.482421875,Mid-High
111148449,3100,Chamberí,282.08142940678397,147.2626110839347,1289480.0,86.07705078125,Premium
111148523,2850,Norte,459.69902837791597,185.7904994390393,1146195.0,96.093359375,Premium
111148534,2950,Periferia Norte,742.0572587719774,155.76220040396706,1143890.0,144.64208984375,Premium
111148538,1100,Chamberí,1881.055860160535,119.57144928448913,1081775.0,162.263916015625,Budget
111148587,1600,Sur-Sureste,1129.979781857579,146.01673905068535,1289480.0,206.75166015625,Low-Mid
111148597,1900,Norte,457.7662637034952,124.08819868012696,1289180.0,142.05283203125,Mid-High
111148644,1600,Sur-Sureste,714.0722291780768,137.29866620598344,1420730.0,140.63291015625,Low-Mid
111148654,2550,Norte,372.356066644513,179.0723651256614,1146195.0,101.2248046875,Mid-High
111148674,1550,Sur-Sureste,100.60310160156764,129.22344612284712,2250230.0,151.7447265625,Low-Mid
111148718,1800,Salamanca-Retiro,208.55699860730812,128.51105134942878,3154215.0,220.09228515625,Low-Mid
111148744,1350,Salamanca-Retiro,535.116050734978,135.9942946584628,2062787.5,254.6458740234375,Budget
111148780,1050,Centro,278.7881868455529,131.15649629753685,1186530.0,134.510546875,Budget
111148789,5300,Norte,274.7620897862367,144.14763154294124,967270.0,89.97900390625,Premium
111148844,5700,Chamberí,726.713119267083,161.0512439274458,1146195.0,161.95029296875,Premium
111148936,1100,Centro,667.7717749272256,185.19585003228562,1286040.0,156.265234375,Budget
111148961,1800,Centro,148.52002152366362,122.57411075833349,2229230.0,139.1712890625,Low-Mid
111148998,3510,Periferia Norte,456.3408679481281,189.49429893688662,1146195.0,95.07119140625,Premium
111149082,4890,Periferia Norte,676.5354667859667,187.35248910919702,1146195.0,128.6560546875,Premium
111149174,900,Sur-Sureste,282.8176274898949,119.93772376198604,2520830.0,134.512109375,Budget
111149206,1300,Salamanca-Retiro,455.02895790863533,126.50942583903743,1500460.0,146.750390625,Budget
111149213,2900,Norte,364.64883530919684,121.67880584600573,1304930.0,155.382421875,Premium
111149224,3900,Norte,765.1825669781165,182.0641413713093,1146195.0,131.155859375,Premium
111149400,1350,Sur-Sureste,160.98606640879643,196.06603609724422,967390.0,59.3271484375,Budget
111149454,3000,Oeste,379.3221670559515,123.54833730169166,1720000.0,157.5904296875,Premium
111149505,1300,Norte,205.46295723341785,127.69191753711918,3293465.0,220.0240234375,Budget
111149568,1900,Norte,864.996301069111,171.21052400298265,1146195.0,112.953125,Mid-High
111149606,1950,Chamberí,725.4615502538409,150.26440641744546,968525.0,120.993359375,Mid-High
111149607,1800,Oeste,1488.5192836721876,130.0825468128644,1283445.0,179.6828125,Low-Mid
111149708,2800,Centro,178.78171807957003,190.8682112661583,1146195.0,68.6044921875,Premium
111149720,1750,Periferia Norte,276.4467593184089,190.86314205175637,1146110.0,108.65546875,Low-Mid
111149730,1995,Norte,543.6887002812656,176.83419185170763,1227625.0,137.6896484375,Mid-High
111149794,1180,Centro,349.95849637450493,175.42314452444592,1149465.0,115.74462890625,Budget
111149887,3200,Salamanca-Retiro,706.3909228390107,167.81842620205936,1146195.0,116.11982421875,Premium
111149952,1800,Centro,397.5428923917168,119.63963561700848,1683230.0,187.0248046875,Low-Mid
111149980,1700,Sur-Sureste,581.3197568333856,119.27175990755197,3178665.0,186.05546875,Low-Mid
111150051,1000,Centro,213.17957770166518,152.90497611116027,1884650.0,131.8248046875,Budget
111150104,1100,Centro,343.45280546097155,160.30860694747292,985735.0,97.9353515625,Budget
111150132,1600,Norte,437.99874878977823,134.8251906409204,1476980.0,158.17001953125,Low-Mid
111150171,1700,Salamanca-Retiro,84.33875761019762,126.79050133901973,2883668.75,122.966064453125,Low-Mid
111150200,1350,Salamanca-Retiro,156.38171842519873,152.08299868094392,1955912.5,117.4097900390625,Budget
111150318,1750,Chamberí,291.5359327836663,156.8831071372795,1289480.0,104.47431640625,Low-Mid
111150376,1500,Norte,577.9803248524943,146.16091492879664,1464860.0,151.27236328125,Low-Mid
111150431,2950,Chamberí,754.5177225552687,184.71011025741004,1146765.0,134.73115234375,Premium
111150442,1100,Chamberí,336.9369705878908,122.69146149401111,2250230.0,169.61337890625,Budget
111150462,1400,Salamanca-Retiro,468.74005845146456,126.9503582950747,2394195.0,309.60556640625,Low-Mid
111150543,3500,Oeste,1078.5687118678732,129.82574437616887,963505.0,120.6142578125,Premium
111150550,1450,Norte,907.4816237078152,123.35350467792537,1936880.0,256.50712890625,Low-Mid
111150753,2300,Salamanca-Retiro,693.3043793826675,118.17557387258043,1545260.0,138.4171875,Mid-High
111150862,1150,Sur-Sureste,225.79957060488445,138.59065467887086,2250230.0,215.53857421875,Budget
111150877,1650,Norte,852.8535009803857,122.23933395163037,1835480.0,212.76884765625,Low-Mid
111150984,950,Centro,198.24087201869412,200.7636990575374,1058681.25,52.901611328125,Budget
111150985,1500,Arganzuela,408.7140650401396,134.19109802096796,1310480.0,128.641015625,Low-Mid
111150992,950,Sur-Sureste,202.64155901585173,146.64322744572786,952960.0,78.54169921875,Budget
111151023,1290,Periferia Norte,121.99178866262214,147.11808616334355,2097980.0,133.213671875,Budget
111151038,2300,Salamanca-Retiro,1386.9262006636177,128.6261449073566,1050680.0,196.5615234375,Mid-High
111151039,1100,Centro,227.51370718144844,166.71547470497265,1289480.0,83.0421875,Budget
111151040,950,Chamberí,379.7163555752403,188.53005049237473,1521195.0,121.75458984375,Budget
111151042,1090,Norte,523.4346222486578,180.9176616423112,1530230.0,107.95029296875,Budget
111151052,1500,Sur-Sureste,501.00932950640856,133.094450713496,1289480.0,165.741015625,Low-Mid
111151061,1450,Arganzuela,353.110117123486,134.3479477685998,1704230.0,163.4333984375,Low-Mid
111151062,1290,Centro,535.7062905774877,160.83069356820164,1513925.0,168.1130859375,Budget
111151066,1100,Norte,666.2694193230276,151.67759687771834,1683230.0,239.36083984375,Budget
111151067,1700,Norte,647.1618208888741,144.58502684178416,1241225.0,132.53525390625,Low-Mid
111151068,950,Periferia Norte,878.0770294612676,144.8490512877142,1289480.0,119.82060546875,Budget
111151070,1250,Sur-Sureste,360.23405401809634,116.18959609938072,2250230.0,272.62216796875,Budget
111151075,4500,Oeste,778.6565836851266,141.40943709372408,1383530.0,131.55458984375,Premium
111151076,2100,Periferia Norte,340.6271327914895,167.84997551302533,1878645.0,127.96142578125,Mid-High
111151086,1150,Norte,693.1589108912432,154.9956145290805,1420730.0,192.43125,Budget
111151087,990,Sur-Sureste,835.6338010778602,136.6256253639553,1551980.0,209.9064453125,Budget
111151097,1050,Periferia Norte,822.3922874513033,132.7722240196196,1966730.0,280.8775390625,Budget
111151098,950,Norte,135.33660291710282,120.01257248649614,2166922.222222222,121.26150173611111,Budget
111151170,1150,Periferia Norte,506.7190444312302,168.66911108428872,2004170.0,224.44267578125,Budget
111151226,800,Sur-Sureste,525.4082893144849,144.16046574493822,1289480.0,155.8279296875,Budget
111151259,1100,Sur-Sureste,221.92555143822506,125.22173329440345,2250230.0,274.81357421875,Budget
111151314,1790,Salamanca-Retiro,938.8543618053336,148.8036201184748,1289480.0,184.457421875,Low-Mid
111151332,1900,Oeste,233.89602514570325,120.93366568087671,1572980.0,147.3994140625,Mid-High
111151434,1100,Centro,84.23567710195502,133.85921728260632,2155631.25,114.4534912109375,Budget
111151439,2900,Norte,283.08829872892693,158.69173035435065,1290590.0,138.0345703125,Premium
111151480,1300,Chamberí,79.73904545330404,122.17010027184824,2199145.0,145.68955078125,Budget
111151499,1100,Periferia Norte,99.91810692742473,123.25791356290077,1706965.0,107.30341796875,Budget
111151529,1800,Arganzuela,69.93777252172504,125.96913514835765,1533445.0,77.36591796875,Low-Mid
111151617,1300,Chamberí,284.35503737080563,178.33682088425684,1728140.0,116.919140625,Budget
111151646,1200,Periferia Norte,141.39095521148525,136.02414759148942,1712985.0,123.463671875,Budget
111151915,3500,Salamanca-Retiro,676.8369517146639,160.8701802391523,1289180.0,115.89931640625,Premium
111152065,1550,Salamanca-Retiro,500.3192867655236,178.91380204431604,1289480.0,143.51083984375,Low-Mid
111152215,1200,Norte,859.7251210810823,135.42750944254664,1750383.3333333333,243.32682291666666,Budget
111152335,1400,Sur-Sureste,221.8113825270421,139.76502755633018,1441730.0,115.785546875,Low-Mid
111152349,1450,Centro,418.1811028970831,131.28292904861803,1683230.0,187.99755859375,Low-Mid
111152350,995,Centro,239.29755633079532,157.3882322387247,1962790.0,129.27119140625,Budget
111152361,1975,Norte,816.031553043183,156.79664463660941,1328480.0,164.4302734375,Mid-High
111152367,1200,Centro,392.1311900555052,147.32503952890767,2060590.0,152.99306640625,Budget
111152415,1900,Periferia Norte,1586.6444024900434,115.3338590026603,2118980.0,323.47509765625,Mid-High
111152465,950,Periferia Norte,846.2731652712628,154.22880239994998,2451422.222222222,258.4953342013889,Budget
111152506,995,Chamberí,222.92113529229408,147.66534386981075,1560188.888888889,128.19216579861111,Budget
111152985,1150,Sur-Sureste,1036.3867128065522,113.41414837470104,1725230.0,232.80107421875,Budget
111153043,1600,Periferia Norte,165.81676174695582,164.2034855097908,2924170.0,176.74443359375,Low-Mid
111153159,1400,Centro,510.27771470725656,130.3911609142101,794295.0,84.66240234375,Low-Mid
111153188,2200,Chamberí,760.4849804780227,113.55753995142825,967390.0,133.04599609375,Mid-High
111153208,2120,Norte,214.19999500436197,121.10482842637327,1289480.0,119.7861328125,Mid-High
111153231,990,Sur-Sureste,693.2922581613127,122.4377166564523,1289480.0,147.6361328125,Budget
111153237,2200,Norte,411.3750853504578,152.21359504735966,1146195.0,104.534375,Mid-High
111153281,3300,Periferia Norte,171.95929972120302,195.39544316962213,1147365.0,80.156640625,Premium
111153299,1750,Centro,71.55849566613642,205.4069241404367,1147365.0,48.6072265625,Low-Mid
111153311,1900,Norte,301.15009017323257,167.31267096402945,1147365.0,108.50595703125,Mid-High
111153316,1550,Oeste,994.707562799645,164.60331915878524,1147365.0,152.66337890625,Low-Mid
111153334,2100,Oeste,244.95814083084582,162.05693106227264,1147365.0,78.6630859375,Mid-High
111153506,2295,Centro,413.20875053968877,167.78121840498395,852195.0,95.8640625,Mid-High
111153510,1500,Centro,240.71991820841313,179.81335580499092,2327675.0,176.2693359375,Low-Mid
111153546,1400,Sur-Sureste,635.860385525949,148.78449617451346,1145660.0,133.694140625,Low-Mid
111153554,2500,Centro,331.06516355415954,157.73613437118996,1146195.0,116.82353515625,Mid-High
111153796,1250,Norte,144.74794976779282,153.8802623870706,2520830.0,133.934375,Budget
111153875,1650,Norte,149.01174958427288,176.661910684981,1289480.0,110.29384765625,Low-Mid
111154077,1750,Norte,26.513043797928894,107.84895972037093,1737310.0,85.42138671875,Low-Mid
111154078,650,Periferia Norte,529.9615137155457,166.39147104427582,1404133.3333333333,116.36946614583333,Budget
111154156,1850,Norte,791.6275482319827,141.9133615231533,1274050.0,137.2740234375,Mid-High
111154195,1350,Periferia Norte,205.9194923428967,177.73162458321687,1289480.0,88.6576171875,Budget
111154220,3000,Centro,157.88865710387893,173.0773597613054,1149055.0,70.80810546875,Premium
111154227,1300,Salamanca-Retiro,295.4981629179596,163.4954966783758,1045270.0,88.6720703125,Budget
111154233,1800,Chamberí,267.1761032222,145.64516641505077,1495975.0,113.5101318359375,Low-Mid
111154243,4100,Chamberí,619.7329270591605,180.71744052755994,1146195.0,109.78857421875,Premium
111154271,2195,Salamanca-Retiro,511.90582880465433,176.43541617886675,1104115.0,103.23896484375,Mid-High
111154279,1800,Chamberí,307.5248792981022,145.65502978557637,1525787.5,106.41455078125,Low-Mid
111154410,2000,Norte,92.66183990379507,185.4410612476496,1146045.0,57.8779296875,Mid-High
111154457,2800,Salamanca-Retiro,1037.1156751168346,148.17090680091653,1420730.0,144.128125,Premium
111154496,1650,Centro,271.07964998062965,152.1825968199936,1525030.0,112.31025390625,Low-Mid
111154579,1300,Centro,315.1610927457575,125.90036757506716,1521811.111111111,126.03884548611111,Budget
111154597,4500,Chamberí,304.0007469768945,159.7129708488278,1053614.2857142857,114.07045200892857,Premium
111154603,1850,Norte,361.09584033268595,184.55366334333957,1146195.0,77.647265625,Mid-High
111154610,1800,Salamanca-Retiro,159.35812834022357,164.88378058187874,980055.0,71.5998046875,Low-Mid
111154624,1890,Centro,238.7927117666939,154.7502671440795,974955.0,102.15048828125,Mid-High
111154740,2990,Centro,507.0325371740817,152.6082175410626,980990.0,118.86630859375,Premium
111154819,1650,Periferia Norte,437.6414738523822,112.55659370276729,1195520.0,96.84755859375,Low-Mid
111155002,1850,Norte,143.8454267095668,120.34651146372764,1945880.0,159.72275390625,Mid-High
111155059,1545,Arganzuela,318.6267760980046,134.77840077849805,1589350.0,180.740234375,Low-Mid
111155100,1250,Oeste,261.9571048911283,137.63294446226718,2250230.0,157.57236328125,Budget
111155122,1250,Periferia Norte,3882.5701427842823,132.1110070542489,1725230.0,350.44560546875,Budget
111155161,1545,Norte,201.09294692137587,149.57783158940322,967390.0,49.6771484375,Low-Mid
111155210,1950,Centro,449.5239863656715,200.5660375748791,1926920.0,176.3451171875,Mid-High
111155296,1950,Norte,412.1947843524034,119.85391243271086,1146195.0,111.41142578125,Mid-High
111155380,3400,Salamanca-Retiro,584.0039172999975,171.54393201439873,1227625.0,121.833203125,Premium
111155388,1300,Arganzuela,406.09210379359155,151.3230886198625,1957845.0,182.5908203125,Budget
111155458,1550,Periferia Norte,1056.569638171112,123.16488876338776,1289480.0,193.62900390625,Low-Mid
111155479,1750,Norte,283.90317298267576,153.75557888451925,1290650.0,160.707421875,Low-Mid
111155509,1800,Periferia Norte,763.5315897072674,157.80591792270667,1282760.0,179.9912109375,Low-Mid
111155532,1450,Periferia Norte,475.112200242391,157.2208969344955,950900.0,105.522265625,Low-Mid
111155638,5900,Salamanca-Retiro,553.7301950805502,178.74942579264444,1146195.0,111.51025390625,Premium
111155669,1300,Sur-Sureste,287.37800166324126,116.34900519030614,1284720.0,133.03818359375,Budget
111155712,1530,Centro,191.90293522641772,141.0624416094809,562187.5,47.346923828125,Low-Mid
111155728,7500,Centro,259.67909962096445,166.02839908458344,1147395.0,95.82734375,Premium
111155731,2590,Salamanca-Retiro,710.7587228828457,157.53917986584707,1279535.0,175.80869140625,Mid-High
111155739,1400,Sur-Sureste,525.870093030125,138.9459734863737,1143890.0,125.790625,Low-Mid
111155853,2098,Salamanca-Retiro,284.99716029925787,149.55518993570394,1146195.0,119.161328125,Mid-High
111155918,5200,Periferia Norte,1160.4070872725947,148.24839664643645,2250230.0,342.57373046875,Premium
111155935,1250,Sur-Sureste,361.5569318892382,138.48487220832388,1462295.0,112.72626953125,Budget
111156089,1595,Sur-Sureste,199.84081609042642,167.68050897221826,967390.0,86.82099609375,Low-Mid
111156094,1050,Sur-Sureste,146.61354811865863,121.83914972101236,2250230.0,182.46728515625,Budget
111156181,1300,Centro,1928.5936404352628,138.69768704562426,1538080.0,262.47216796875,Budget
111156198,2200,Arganzuela,337.10956501572554,114.22365891466957,1677195.0,166.66318359375,Mid-High
111156346,1845,Norte,185.51378323669346,173.50103928768715,1143950.0,73.57880859375,Mid-High
111156378,1790,Oeste,651.2096740605323,176.8645665193681,1289480.0,163.57548828125,Low-Mid
111156387,725,Sur-Sureste,188.25855444928274,145.27787968936278,526033.3333333334,40.431966145833336,Budget
111156413,1600,Periferia Norte,622.5594333347838,178.22580621690528,1146195.0,133.56630859375,Low-Mid
111156421,1600,Centro,1276.46290426533,156.41103082275086,1289480.0,216.06220703125,Low-Mid
111156434,900,Sur-Sureste,435.61905922811235,159.73019057993568,520650.0,50.40625,Budget
111156441,2800,Periferia Norte,517.5315281912477,161.97364508973436,1146195.0,122.957421875,Premium
111156504,1400,Sur-Sureste,355.4069428194111,130.67644216233003,2118980.0,232.12353515625,Low-Mid
111156523,2000,Chamberí,331.3642491186343,195.50914249623878,1146410.0,102.00810546875,Mid-High
111156571,1750,Norte,833.4519795197854,140.88166322304863,1289480.0,180.78447265625,Low-Mid
111156683,1000,Norte,131.46624110755067,170.91605691113375,1545765.0,112.37470703125,Budget
111156746,4250,Chamberí,148.14374458804963,127.63830040717637,2247690.0,166.42392578125,Premium
111156747,1100,Periferia Norte,461.53564947568896,162.70489066150128,1449088.888888889,113.35785590277777,Budget
111156860,1350,Salamanca-Retiro,1137.886946064972,132.6674646967278,1706088.888888889,262.48296440972223,Budget
111156888,1700,Norte,165.0035713710354,132.59329883014556,2215940.0,196.440234375,Low-Mid
111156931,2300,Arganzuela,1615.5420746125524,165.17710856311322,1289480.0,153.80478515625,Mid-High
111156975,950,Sur-Sureste,117.58695950940412,182.517902070621,1289480.0,72.4279296875,Budget
111157134,1300,Salamanca-Retiro,73.7206008387353,146.97574784984545,2247830.0,157.57392578125,Budget
111157172,4000,Salamanca-Retiro,524.3504494001777,184.92700892942213,1146195.0,123.00478515625,Premium
111157392,1390,Sur-Sureste,331.2601580921329,158.69763964268077,1146195.0,137.73564453125,Low-Mid
111157393,1175,Sur-Sureste,286.49331746260714,127.0257448594601,1791230.0,216.67822265625,Budget
111157428,2500,Centro,348.1203570409918,179.0477999801847,1581195.0,129.237109375,Mid-High
111157520,1300,Centro,168.50471842326317,131.9135738766043,2250230.0,199.939453125,Budget
111157543,1750,Centro,446.92341553505713,166.45309042478272,1153695.0,122.68017578125,Low-Mid
111157566,2800,Salamanca-Retiro,295.53705439029903,174.22944500375064,1148500.0,75.1265625,Premium
111157655,1200,Salamanca-Retiro,946.3842645667368,141.974336770048,1289480.0,148.28955078125,Budget
111157726,2300,Centro,358.2267570703909,166.15718092271342,1335945.0,113.70400390625,Mid-High
111157735,1295,Salamanca-Retiro,599.4748867043736,145.71242780790612,1086020.0,132.5474609375,Budget
111157838,4500,Chamberí,983.744268022275,137.67335948405488,1289480.0,126.7837890625,Premium
111157957,2400,Centro,387.0788032188255,123.96725712624456,1289330.0,121.41044921875,Mid-High
111157979,2400,Centro,509.98380447913286,172.98876644951238,1146195.0,83.48369140625,Mid-High
111158045,2300,Centro,397.67954481164554,164.6896904424162,1146195.0,92.5634765625,Mid-High
111158066,1500,Salamanca-Retiro,973.6498767184964,170.1238806185401,1175480.0,182.16884765625,Low-Mid
111158154,2250,Salamanca-Retiro,141.15598054368212,140.40534106322144,2250230.0,131.2677734375,Mid-High
111158217,2900,Chamberí,236.3128483489048,168.0927848458047,1149645.0,102.48583984375,Premium
111158268,1600,Centro,849.3125140354465,184.53371696773524,1146195.0,134.26337890625,Low-Mid
111158322,990,Sur-Sureste,979.6571401812387,128.96184397297654,1289480.0,185.073828125,Budget
111158337,975,Chamberí,271.18546716088923,160.5078371704622,1928900.0,147.05538504464286,Budget
111158521,990,Sur-Sureste,209.86476285546843,126.41607706594273,1289480.0,84.40673828125,Budget
111158584,1795,Norte,323.22090896406996,170.0903509759174,1289480.0,96.65869140625,Low-Mid
111158589,2400,Norte,226.59388037809717,180.45288206744613,1146110.0,75.27255859375,Mid-High
111158606,1795,Centro,239.6000631645223,187.05212838836002,1146110.0,74.46357421875,Low-Mid
111158628,1350,Periferia Norte,279.5146336398764,130.31081200779397,1289480.0,115.0302734375,Budget
111158651,2750,Oeste,995.0631669662538,137.99067218128175,1765610.0,185.05498046875,Premium
111158784,1350,Periferia Norte,333.5596130897646,121.68503775503218,1280045.0,121.89765625,Budget
111158813,1200,Periferia Norte,201.37146619214553,125.50917945332212,2146565.0,121.4763671875,Budget
111158831,4500,Norte,179.31427794145378,124.44508385499232,967390.0,75.19716796875,Premium
111158836,4250,Salamanca-Retiro,692.4541642200621,167.40400107507006,1363695.0,137.70146484375,Premium
111158860,695,Periferia Norte,366.7756176466506,185.86595211447965,1725414.2857142857,117.037109375,Budget
111158872,1350,Norte,329.84052818720505,163.65813424748941,1572980.0,120.9017578125,Budget
111158890,1500,Salamanca-Retiro,387.4600527498888,123.78139671716187,1601350.0,133.48125,Low-Mid
111158897,3000,Oeste,2964.603254899908,120.79324669805983,1817810.0,212.53291015625,Premium
111158921,13000,Salamanca-Retiro,420.55134398442823,191.3407392668638,1146195.0,100.2365234375,Premium
111158929,2900,Periferia Norte,375.5201962437823,165.61809779107548,1147395.0,103.48486328125,Premium
111158984,2800,Salamanca-Retiro,454.50722995110556,168.54705471785977,1146195.0,97.57587890625,Premium
111158995,900,Periferia Norte,877.2528007933988,129.19178385597422,1289480.0,197.95859375,Budget
111159003,1500,Periferia Norte,465.7810138061567,135.1632332087893,1560255.5555555555,170.63975694444446,Low-Mid
111159010,1200,Sur-Sureste,373.6537209929675,126.04572190406361,1704230.0,178.73857421875,Budget
111159035,940,Norte,305.4992130418431,152.1215353108882,1787290.0,138.01630859375,Budget
111159056,990,Sur-Sureste,1009.6494665292308,136.60905058710705,1289480.0,214.46904296875,Budget
111159060,1400,Norte,295.0867277434588,196.12128568690827,1289480.0,92.88193359375,Low-Mid
111159066,1190,Chamberí,475.13553498140607,134.963488570158,2375645.0,220.15341796875,Budget
111159112,1500,Centro,235.4901272632849,126.06477668763927,2276272.222222222,198.68294270833334,Low-Mid
111159221,1300,Periferia Norte,644.4529344766942,174.391911157894,1469360.0,174.04638671875,Budget
111159247,3500,Salamanca-Retiro,211.47282115857197,160.5163272898131,1265930.0,125.66396484375,Premium
111159344,990,Norte,212.4629238188041,180.1742391211639,1147245.0,92.68681640625,Budget
111159367,2150,Norte,388.94839849870215,150.99621799144418,1835480.0,163.72587890625,Mid-High
111159486,4500,Chamberí,249.18308633403748,190.83123031795827,1146195.0,84.23193359375,Premium
111159523,2700,Chamberí,660.2785158432714,177.60842401413424,1146945.0,144.6349609375,Mid-High
111159538,990,Norte,1273.8466011139176,100.42486567144057,1289480.0,214.38662109375,Budget
111159610,3600,Salamanca-Retiro,460.44130422226925,187.2466358614794,1146195.0,114.89990234375,Premium
111159636,1600,Periferia Norte,113.89321083171184,125.49133709595498,1664922.2222222222,149.89463975694446,Low-Mid
111159654,3200,Norte,1478.3922701031486,172.2350867726515,1289480.0,174.68359375,Premium
111159663,2000,Salamanca-Retiro,230.06853833045096,126.23961584009638,1682330.0,116.0455078125,Mid-High
111159745,1400,Centro,300.3537759526059,137.38326861503745,1289480.0,113.06435546875,Low-Mid
111159748,2400,Centro,254.14195882147996,212.2106930856572,1146195.0,68.82294921875,Mid-High
111159799,1150,Centro,66.57072461336368,79.71912957282665,3598635.0,135.246484375,Budget
111159809,2500,Norte,339.42987721970746,169.6881732699704,967390.0,80.31025390625,Mid-High
111159819,900,Chamberí,459.20494694073966,149.25400154789853,1987730.0,233.355078125,Budget
111159860,3500,Chamberí,230.63639305762845,143.89468238217333,1420730.0,112.055859375,Premium
111159971,2000,Norte,1569.8287568504288,117.62141293099486,1289480.0,154.11591796875,Mid-High
111160097,1200,Periferia Norte,205.7547437628115,176.97055457224414,1146110.0,93.6947265625,Budget
111160147,1900,Salamanca-Retiro,153.79912822829925,135.56027757960598,1941345.0,113.7373046875,Mid-High
111160169,5800,Salamanca-Retiro,406.7826533657761,164.66267547747174,1146195.0,90.87587890625,Premium
111160175,1200,Arganzuela,341.9889516143839,113.58309490665356,2451350.0,205.51953125,Budget
111160237,1800,Chamberí,93.13467932108074,124.38655144103663,1807580.0,131.86064453125,Low-Mid
111160301,975,Centro,440.13584229288665,121.62453322787204,2250230.0,259.8150390625,Budget
111160345,1300,Sur-Sureste,154.57606830243088,105.28644243556612,2250230.0,134.78369140625,Budget
111160383,1400,Periferia Norte,551.5967292005913,116.4925498351985,1683230.0,167.86162109375,Low-Mid
111160386,2200,Periferia Norte,517.0695482547306,184.36112708050482,1333760.0,106.16103515625,Mid-High
111160504,1750,Salamanca-Retiro,173.1510488887001,137.08812241033263,1291345.0,91.457421875,Low-Mid
111160703,1550,Salamanca-Retiro,223.67065185324168,122.99460076221797,2083880.0,196.33095703125,Low-Mid
111160814,1400,Centro,42.73910795754297,172.28563529035137,1289395.0,68.3716796875,Low-Mid
111160853,2950,Oeste,487.07863385480994,142.2281979267815,1333195.0,170.74892578125,Premium
111160925,1400,Salamanca-Retiro,120.85010860814741,147.74450178454592,2076980.0,129.49521484375,Low-Mid
111160929,1500,Sur-Sureste,184.65152296121119,128.68665410582838,1420730.0,128.43349609375,Low-Mid
111160951,1500,Salamanca-Retiro,538.0136478544629,115.7989941018078,1289480.0,142.82626953125,Low-Mid
111161042,2180,Chamberí,190.80365815783375,116.99598951371895,1420250.0,134.75068359375,Mid-High
111161049,1600,Periferia Norte,310.4166153205879,151.72826680387107,1196210.0,103.20478515625,Low-Mid
111161096,3000,Centro,701.949586189971,143.78004501554832,1251980.0,145.31767578125,Premium
111161117,1950,Periferia Norte,137.41502494554936,147.3246679201841,2250230.0,195.52431640625,Mid-High
111161277,850,Centro,1061.4115849322611,154.66133394553452,1532020.0,175.40478515625,Budget
111161344,1300,Periferia Norte,286.7082967575101,129.4687938025739,2250230.0,241.34091796875,Budget
111161494,1100,Norte,2862.459729977226,114.9768376112517,1429677.7777777778,138.21126302083334,Budget
111161509,1690,Salamanca-Retiro,739.1817507378164,141.17254148288387,1289095.0,141.33251953125,Low-Mid
111161553,1850,Norte,51.47413019409095,158.41364765807367,2250230.0,123.06015625,Mid-High
111161579,2750,Oeste,75.10029060351367,129.5726477940371,1835480.0,117.40849609375,Premium
111161617,2250,Norte,36.4955784003558,127.52831243074097,2250230.0,101.74716796875,Mid-High
111161645,2000,Centro,491.9638390237058,117.96018570216395,2875005.0,245.153515625,Mid-High
111161674,1100,Norte,2862.459729977226,114.9768376112517,1429677.7777777778,138.21126302083334,Budget
111161796,2200,Norte,635.5220175664734,139.83443589969914,1146195.0,159.5392578125,Mid-High
111161845,3500,Periferia Norte,582.346667401499,156.02322320696825,1683230.0,200.17001953125,Premium
111161879,990,Sur-Sureste,335.0122159307023,125.20103925103709,1814480.0,200.98369140625,Budget
111161881,1250,Periferia Norte,647.212527335581,158.06095916689475,1420730.0,131.707421875,Budget
111161898,1300,Centro,473.3481794973101,121.63145990675908,1422230.0,135.94130859375,Budget
111161906,1800,Arganzuela,290.35040302329617,111.00458297366224,2076980.0,162.6703125,Low-Mid
111162050,4800,Norte,189.92744919112204,131.9184604409275,2250230.0,177.55009765625,Premium
111162060,1100,Salamanca-Retiro,11.889876164540238,124.47568278066103,2978360.0,96.00966796875,Budget
111162185,1050,Norte,1175.64891609293,124.657835709457,1289480.0,155.23857421875,Budget
111162202,1500,Norte,349.407527662186,121.47363878618162,1945730.0,192.3080078125,Low-Mid
111162225,1190,Sur-Sureste,515.9310870708725,136.88691384146694,1242945.0,125.4859375,Budget
111162243,1250,Chamberí,324.7702450478822,120.3376571692406,2250230.0,186.97646484375,Budget
111162244,1690,Periferia Norte,287.77959289736896,134.7644065233375,2118980.0,198.26396484375,Low-Mid
111162278,1695,Centro,612.2428841052593,169.26975645745293,1145060.0,127.83896484375,Low-Mid
111162280,1850,Norte,725.8005593186765,134.54953810451826,1289330.0,106.9916015625,Mid-High
111162316,1800,Sur-Sureste,431.0267764272718,125.11661597980611,2020044.4444444445,250.27549913194446,Low-Mid
111162339,1000,Sur-Sureste,411.17873841185246,120.84147484518255,2250230.0,274.40888671875,Budget
111162362,1650,Centro,178.24201618804133,137.48461908149702,2250230.0,204.57001953125,Low-Mid
111162423,1700,Chamberí,517.3634883129154,116.56279277289764,1391088.888888889,184.7763671875,Low-Mid
111162445,1400,Sur-Sureste,1447.9577274303767,118.0184257964199,1289480.0,213.71435546875,Low-Mid
111162511,1900,Periferia Norte,437.16536320067996,155.48903007793828,1420730.0,147.32412109375,Mid-High
111162546,1830,Centro,135.34062907416111,151.45831869031764,1420730.0,79.06279296875,Mid-High
111162603,950,Arganzuela,170.88625828375402,148.42467522962622,1683230.0,101.769140625,Budget
111162617,1700,Norte,220.75704099018094,117.14153635786666,1524940.0,128.1384765625,Low-Mid
111162626,1400,Periferia Norte,577.8398291675487,146.59653746311722,1612430.0,203.04814453125,Low-Mid
111162702,1475,Norte,304.0483134398477,161.46657962399107,1146195.0,117.73525390625,Low-Mid
111162703,1775,Norte,257.05912709948086,163.4288344627503,1146195.0,103.11572265625,Low-Mid
111162736,1500,Norte,187.58276422654023,172.04210323988192,1147245.0,95.2892578125,Low-Mid
111162767,1400,Sur-Sureste,158.64676432839232,114.6111018858966,1701220.0,127.66142578125,Low-Mid
111162822,3200,Chamberí,407.49258746128623,111.00531300195544,2562385.0,275.119140625,Premium
111162833,1390,Arganzuela,96.41947583872788,130.77891399130368,2235375.0,134.808984375,Low-Mid
111162845,1600,Centro,669.5692735590031,126.86639617780104,1283405.0,164.679296875,Low-Mid
111162871,990,Sur-Sureste,312.20480365060286,156.49363917542797,1146195.0,111.1787109375,Budget
111163002,1800,Sur-Sureste,273.6856921213951,175.7620242940527,1103835.0,79.421484375,Low-Mid
111163081,1700,Norte,442.5994865315473,151.4481292519577,1513990.0,161.27080078125,Low-Mid
111163093,1750,Arganzuela,656.4139442959802,138.85563877521872,1551980.0,208.288671875,Low-Mid
111163147,1290,Periferia Norte,908.5447267139214,131.5549691326152,1704230.0,225.92041015625,Budget
111163336,1800,Oeste,514.9087438397568,114.14632370034367,1563160.0,103.2173828125,Low-Mid
111163638,1800,Salamanca-Retiro,276.68102211849623,181.93806065022827,1551195.0,134.23779296875,Low-Mid
111163689,5700,Norte,454.2173700239001,163.71488280859384,1009540.0,92.13125,Premium
111163842,1750,Chamberí,394.5283993991133,160.48201946272437,1146195.0,105.66806640625,Low-Mid
111163929,1090,Periferia Norte,168.51124528839551,175.00742105612105,1420730.0,100.19150390625,Budget
111163934,900,Oeste,204.30433437652897,128.9171324169757,1289480.0,66.1880859375,Budget
111163942,4500,Oeste,126.20904410302778,207.50785597269865,850350.0,41.790457589285715,Premium
111163951,2350,Norte,302.3873036624073,173.42908867275133,1146195.0,90.41748046875,Mid-High
111163959,1900,Centro,63.40857722579815,150.19171529196456,1290530.0,65.18681640625,Mid-High
111163960,1400,Sur-Sureste,724.0194285901655,147.6272423611835,1145445.0,134.07998046875,Low-Mid
111163963,1600,Sur-Sureste,512.6396794412157,157.7951142559856,1144940.0,117.4109375,Low-Mid
111163964,1400,Sur-Sureste,487.27121024841347,166.13734445037875,1143890.0,122.34541015625,Low-Mid
111163965,1550,Sur-Sureste,508.8834379235344,161.24302717160347,1145660.0,115.5416015625,Low-Mid
111163966,1400,Sur-Sureste,521.5531437061834,138.96174169521842,1143890.0,128.91650390625,Low-Mid
111163973,1400,Sur-Sureste,487.27121024841347,166.13734445037875,1143890.0,122.34541015625,Low-Mid
111163974,1400,Sur-Sureste,594.0317562678656,148.77572950784682,1145660.0,131.87744140625,Low-Mid
111163975,1400,Sur-Sureste,487.27121024841347,166.13734445037875,1143890.0,122.34541015625,Low-Mid
111163976,1250,Sur-Sureste,744.034383500383,146.24793536946672,1145145.0,137.78720703125,Budget
111163978,1400,Sur-Sureste,487.27121024841347,166.13734445037875,1143890.0,122.34541015625,Low-Mid
111163979,1400,Sur-Sureste,724.0194285901655,147.6272423611835,1145445.0,134.07998046875,Low-Mid
111163982,1400,Sur-Sureste,482.5080867214933,158.34365800263814,1146135.0,112.2677734375,Low-Mid
111163983,1400,Sur-Sureste,487.27121024841347,166.13734445037875,1143890.0,122.34541015625,Low-Mid
111163984,1250,Sur-Sureste,554.8735212881267,158.36579311797465,1146135.0,119.972265625,Budget
111163985,1600,Sur-Sureste,512.6396794412157,157.7951142559856,1144940.0,117.4109375,Low-Mid
111163986,1400,Sur-Sureste,494.6575300009043,158.81101075259463,1145895.0,105.17373046875,Low-Mid
111163987,1600,Sur-Sureste,512.6396794412157,157.7951142559856,1144940.0,117.4109375,Low-Mid
111163988,1400,Sur-Sureste,512.6396794412157,157.7951142559856,1144940.0,117.4109375,Low-Mid
111163989,1400,Sur-Sureste,424.32895040322694,161.37447512293804,1145895.0,93.6662109375,Low-Mid
111164079,1600,Chamberí,631.4564115336661,152.31880890821876,1420730.0,138.76435546875,Low-Mid
111164213,1000,Sur-Sureste,348.67106494654513,105.17144272707274,1734662.5,211.3797607421875,Budget
111164216,2500,Centro,401.0496251034674,165.86907912764354,1814480.0,130.55498046875,Mid-High
111164306,1200,Sur-Sureste,213.07883207301717,132.12219149805034,1851922.2222222222,114.44921875,Budget
111164332,1950,Centro,678.8333484953894,216.4679253013456,974955.0,74.59189453125,Mid-High
111164373,1330,Salamanca-Retiro,209.78067432939716,199.30282543137184,967305.0,73.41044921875,Budget
111164507,1600,Periferia Norte,787.331787020302,136.4804374037358,1289480.0,130.27265625,Low-Mid
111164528,795,Sur-Sureste,150.38837741968274,131.0328818720936,1738185.7142857143,145.57254464285714,Budget
111164574,4500,Periferia Norte,867.8456056118685,165.88424771521943,1146195.0,117.41796875,Premium
111164611,970,Sur-Sureste,374.92365883880643,131.24983193941728,1314895.0,108.75654296875,Budget
111164771,1545,Chamberí,683.4335777171331,151.40176040473622,1408215.0,157.6828125,Low-Mid
111164806,1300,Periferia Norte,179.52032406595126,128.14545812669988,2222180.0,206.928125,Budget
111164878,1500,Chamberí,351.0505751247007,145.03153691615944,981685.0,84.881640625,Low-Mid
111164961,1300,Sur-Sureste,1339.6897635718135,154.12522319381236,1289480.0,190.2611328125,Budget
111164970,1000,Periferia Norte,655.0469606620155,183.3328458798786,1835480.0,203.1712890625,Budget
111165034,1590,Salamanca-Retiro,134.67138096937865,152.24145127482484,2250230.0,149.64208984375,Low-Mid
111165260,1500,Sur-Sureste,180.82990676255275,124.58874574715374,1982470.0,132.98076171875,Low-Mid
1243711,3000,Chamberí,765.1012972730402,152.57102947402498,1166095.0,163.48955078125,Premium
1746261,1900,Chamberí,913.5387737015695,124.9480192202833,1966730.0,225.30048828125,Mid-High
1793134,2000,Salamanca-Retiro,1024.8242184694618,163.31258995418574,1715720.0,123.64384765625,Mid-High
1845365,1225,Centro,818.0204589068846,116.89584180551424,1289480.0,153.53154296875,Budget
1884102,1300,Norte,733.3076151036138,119.59621898522327,872183.3333333334,128.00618489583334,Budget
1904773,1000,Sur-Sureste,390.07592677731714,115.3625806827472,1997755.5555555555,177.76236979166666,Budget
1934667,3600,Periferia Norte,973.4857235821967,115.53647374224288,1551895.0,199.6861328125,Premium
2051974,1150,Sur-Sureste,454.975332374658,128.05066886603794,1880895.0,204.8216796875,Budget
2085558,1050,Norte,374.3049361676512,115.73608972474645,2250230.0,210.8853515625,Budget
2147768,2500,Oeste,265.5435114232819,132.71483535868308,2262200.0,149.69921875,Mid-High
2159821,925,Arganzuela,207.22217685132915,133.53022925828708,1310780.0,132.22578125,Budget
25015614,1300,Centro,207.81660023725254,145.8041057530824,966220.0,60.4943359375,Budget
25070208,1300,Norte,106.9964451768032,118.71054233266334,2167661.111111111,151.69173177083334,Budget
25218135,3000,Periferia Norte,894.6564807276096,123.58939960765122,1146195.0,133.22333984375,Premium
25571429,1350,Sur-Sureste,128.47014340721438,111.74849272291013,1704080.0,115.5083984375,Budget
25595936,1280,Arganzuela,216.81138671255516,133.15574049595347,1945730.0,142.4376953125,Budget
25821291,1700,Periferia Norte,137.8285846869108,110.99859064232211,1966945.0,134.21611328125,Low-Mid
25907083,990,Sur-Sureste,187.4465824855287,107.50828722988244,1552130.0,96.73564453125,Budget
25959502,1295,Periferia Norte,368.4927898250279,128.82983701961342,1874330.0,152.952734375,Budget
26759602,970,Centro,392.462691849113,125.40965288487914,1441910.0,165.153125,Budget
27077296,1250,Norte,1135.5218771555965,117.01098604385604,1498105.0,204.1388671875,Budget
27393455,900,Salamanca-Retiro,1026.0483109209893,130.95370614347442,1502445.0,167.37275390625,Budget
28022288,1100,Norte,281.96697158208406,166.45734400943545,1092495.0,115.490625,Budget
28041425,1250,Salamanca-Retiro,178.8631383424663,125.47674498643558,1150655.0,111.4103515625,Budget
28080978,1700,Norte,390.8683955681964,129.65085549798596,1814480.0,176.0251953125,Low-Mid
28565306,2200,Centro,158.21022263187928,146.56192024766034,1033845.0,66.93447265625,Mid-High
28641520,2150,Chamberí,711.6974489915759,166.52742269821294,1151440.0,110.29580078125,Mid-High
28860442,1100,Oeste,248.91835018015013,105.16165691782672,1563887.5,125.28076171875,Budget
28876312,1250,Centro,169.86482350519984,134.79229521791828,2062787.5,134.6619873046875,Budget
29592864,1100,Periferia Norte,280.2426824422424,112.23901459311847,1683230.0,136.01611328125,Budget
29965448,1475,Periferia Norte,305.48473424171885,129.9458334716471,2250145.0,181.75029296875,Low-Mid
30100543,900,Chamberí,179.0749485557598,89.6480504231289,1851770.0,139.92548828125,Budget
30299285,6100,Oeste,1213.6916716493447,122.00232207634012,1814480.0,236.5455078125,Premium
30649119,4300,Oeste,1312.3900666056138,128.91828138135375,1289480.0,205.6462890625,Premium
30675339,1100,Norte,370.0528460204381,147.77198673531484,1146195.0,108.4390625,Budget
31103502,1400,Chamberí,68.06088888971037,104.67634988686771,2198780.0,113.57333984375,Low-Mid
31201241,3900,Norte,1690.6219675910863,163.02460718268478,1147245.0,165.85146484375,Premium
31433256,1100,Norte,281.61793591104987,123.401884285331,1966730.0,166.34345703125,Budget
32049014,980,Centro,166.5499399441572,146.74113771921233,1983910.0,125.34384765625,Budget
32130525,3300,Norte,157.9417674979634,156.7264025318752,1420730.0,101.54541015625,Premium
33074173,1000,Centro,469.6062809473036,154.50186941826377,1289480.0,147.34228515625,Budget
33392003,1650,Norte,134.46648076261232,131.77588835564123,1596565.0,97.62021484375,Low-Mid
33766579,1650,Periferia Norte,162.19895104299445,122.64189101443341,1632375.0,92.837646484375,Low-Mid
33803958,3400,Oeste,1024.2084005091153,174.12350582387586,1146045.0,111.509765625,Premium
34315542,900,Centro,266.49367142587533,110.17154801965773,1303860.0,92.66435546875,Budget
34713094,1800,Chamberí,147.67874984294528,117.44344260865057,2248130.0,159.42705078125,Low-Mid
36699643,525,Sur-Sureste,278.3569206715996,119.93910705358165,3117157.1428571427,208.24609375,Budget
36866834,2700,Salamanca-Retiro,208.5440603255306,159.7976984896981,1502445.0,97.28955078125,Mid-High
37165143,2750,Periferia Norte,277.6364283153599,134.83408025325835,1143195.0,87.6443359375,Premium
37457886,1450,Norte,321.65707907343824,118.67919206095682,1953411.111111111,173.84993489583334,Low-Mid
37520248,1600,Periferia Norte,964.4271798741813,166.57474263196417,1190545.0,118.99072265625,Low-Mid
37709091,1800,Norte,444.2721359632895,131.53866444748604,2250230.0,246.8744140625,Low-Mid
38085006,1000,Centro,94.05673961577482,112.92999406343608,1817560.0,90.16943359375,Budget
38309672,3500,Centro,547.1950273561825,128.29428840386936,2192000.0,131.955859375,Premium
38477763,1650,Periferia Norte,353.57111676353145,110.00487206390457,2393595.0,163.345703125,Low-Mid
38940343,3500,Centro,325.96907383078803,123.50976170149843,1683230.0,127.1267578125,Premium
39300024,1550,Periferia Norte,940.950886285759,121.64523771390444,1289480.0,174.9080078125,Low-Mid
39398865,1520,Chamberí,330.8505374083951,127.18283073054886,2049110.0,224.14921875,Low-Mid
39535220,2400,Centro,348.81645705251515,136.24600152169734,1147480.0,108.52744140625,Mid-High
39617044,1300,Centro,545.556691198756,142.31870573074872,1286895.0,118.768359375,Budget
39642479,1150,Centro,165.24137664341643,121.98172514020438,841116.6666666666,57.757486979166664,Budget
40527394,2200,Norte,357.6707012002831,117.67040736198086,1945730.0,144.634765625,Mid-High
601163,2580,Chamberí,766.3157094079872,146.22442527626464,1165695.0,143.655859375,Mid-High
752232,4950,Salamanca-Retiro,485.7925510642185,141.89807834573608,1146195.0,108.53056640625,Premium
81593900,1250,Periferia Norte,223.1843499459379,132.15744297365856,2650870.0,137.35986328125,Budget
81595049,1450,Centro,264.1800362084173,130.13361332623302,1478720.0,116.4099609375,Low-Mid
81695709,1450,Norte,222.39223004138398,125.89192284867761,1966730.0,140.646484375,Low-Mid
81773039,1525,Norte,1036.4083399832784,118.65373964025207,1966730.0,206.46328125,Low-Mid
81962386,1650,Salamanca-Retiro,806.4068732490359,178.54003048354184,967390.0,138.6724609375,Low-Mid
82104100,2500,Salamanca-Retiro,359.5296536752527,117.54873199521799,1226180.0,132.30361328125,Mid-High
82109697,2900,Centro,403.88577929537115,171.43445407418818,1146195.0,96.0935546875,Premium
82169435,2200,Centro,154.64863001839842,162.9075294378746,1118865.0,85.64521484375,Mid-High
82380015,2200,Chamberí,531.8631871440006,130.90440909926153,1590230.0,157.78017578125,Mid-High
82963046,1250,Salamanca-Retiro,454.84823192871573,115.82308554537394,1287800.0,154.375390625,Budget
83089755,3500,Oeste,487.530938841204,143.48769363378835,1465090.0,131.78271484375,Premium
83122671,2500,Salamanca-Retiro,149.49203818244658,156.66978715812493,1553290.0,85.4048828125,Mid-High
83558722,950,Chamberí,360.87754383182227,171.41104120422125,2143588.888888889,192.35145399305554,Budget
83671863,1600,Arganzuela,448.2011436121538,117.03786247991818,2058230.0,190.733984375,Low-Mid
83913703,1975,Periferia Norte,743.2799804287396,135.83792499767958,2105380.0,203.92109375,Mid-High
84315120,7400,Chamberí,844.3884820820488,158.92759362547568,1157600.0,115.839453125,Premium
84424795,1850,Norte,879.1523090057453,136.4844789003568,2031950.0,133.77197265625,Mid-High
84480827,2400,Centro,159.45851496197048,175.79383417977235,1185730.0,61.134375,Mid-High
84541550,3000,Salamanca-Retiro,588.7273598337696,154.64214950778654,1148500.0,132.40302734375,Premium
84667428,4500,Salamanca-Retiro,459.89866435016864,166.4484845566864,1146195.0,91.38427734375,Premium
84723526,4290,Salamanca-Retiro,395.8654981173365,188.9987139371005,1147245.0,99.69150390625,Premium
84910565,850,Chamberí,351.5943941307182,120.74938915470254,1862937.5,157.3917236328125,Budget
84913658,1300,Periferia Norte,455.9017907808191,123.37280597703764,1704230.0,217.49375,Budget
85168822,1570,Centro,506.40849953009257,164.46496213687107,1146195.0,107.5416015625,Low-Mid
85889342,1800,Norte,416.44387543438944,126.68093848632812,1652330.0,143.66767578125,Low-Mid
85981067,1350,Salamanca-Retiro,132.6130580094267,121.1105341676061,2103770.0,136.4943359375,Budget
86098168,1390,Periferia Norte,442.75576488568504,158.48131765109997,2215885.0,143.87421875,Low-Mid
86153451,4800,Salamanca-Retiro,86.94323138038104,158.09151563714104,1333545.0,120.17333984375,Premium
86344433,1700,Salamanca-Retiro,463.84152945758376,148.38533888021942,967390.0,112.65595703125,Low-Mid
86767406,1550,Arganzuela,251.86653743346693,128.9156443449536,2250230.0,208.881640625,Low-Mid
87289674,2950,Periferia Norte,1879.5796085024826,139.95388334634646,1355210.0,190.978515625,Premium
87769295,1600,Salamanca-Retiro,312.4731204748267,133.53181922665914,2967850.0,223.05126953125,Low-Mid
88257854,1300,Norte,137.3578002334748,107.76778162908015,1990650.0,173.80859375,Budget
88670909,1180,Norte,605.5313784925378,139.93129487592148,1683230.0,159.69169921875,Budget
88803022,1000,Norte,635.276362818221,144.3821178088432,998395.0,96.71162109375,Budget
88964890,4500,Periferia Norte,473.18468981191626,138.4299526371654,1289480.0,95.7880859375,Premium
89009895,1300,Centro,636.6942266006843,176.67671334130804,1141420.0,113.79013671875,Budget
89012303,1750,Centro,335.90294499105306,191.9230391804182,1141115.0,91.34931640625,Low-Mid
89133854,750,Sur-Sureste,152.6444823381437,137.2110162946704,2036537.5,123.3077392578125,Budget
89283469,1200,Centro,468.48525227362853,192.83479684961287,1668045.0,112.18388671875,Budget
89302285,2000,Norte,561.1007660223506,128.18741281131298,1809830.0,216.48515625,Mid-High
89313701,1350,Chamberí,220.02690138234044,133.38213449079873,2152925.0,131.75302734375,Budget
89423525,1700,Salamanca-Retiro,131.5114777362541,147.74313117473875,2097980.0,116.2798828125,Low-Mid
89906293,1475,Salamanca-Retiro,247.88876795461215,180.38974017297437,1146195.0,84.33623046875,Low-Mid
90291726,1800,Norte,323.84245208231596,126.76183547283176,2250230.0,192.82568359375,Low-Mid
90368507,6000,Salamanca-Retiro,76.95650030731312,179.18117916173873,1738695.0,94.426953125,Premium
90784003,1300,Chamberí,652.1079406966762,172.83908449515565,1146795.0,115.920703125,Budget
90834862,4500,Norte,138.06194373014802,169.55570864710023,1145865.0,78.4185546875,Premium
90844113,1800,Arganzuela,155.99391489279702,129.33217832432405,2229230.0,191.625,Low-Mid
91027621,1450,Centro,197.20575015639295,124.68905757532757,1766330.0,130.1880859375,Low-Mid
91106764,2150,Centro,386.84837475263055,175.15146899414657,1349715.0,121.89970703125,Mid-High
91352091,2800,Salamanca-Retiro,185.6124948613293,182.84998894850608,1146195.0,84.4416015625,Premium
91380696,1200,Norte,375.4997109816673,134.86570093466156,2251325.0,263.16298828125,Budget
91419290,8000,Salamanca-Retiro,504.2920494630365,141.23496046413953,1165845.0,123.71904296875,Premium
91522626,1650,Arganzuela,367.20028374994376,177.8020485350858,3054215.0,122.94833984375,Low-Mid
91672940,890,Periferia Norte,274.47821705651575,160.04721009421053,1289480.0,105.25888671875,Budget
91844676,1100,Norte,264.5705451144375,122.34167724101235,1868355.0,174.7412109375,Budget
92094241,1900,Oeste,852.1419947336453,185.0287854246748,1345580.0,156.0162109375,Mid-High
92094251,1850,Chamberí,404.5941776855514,196.0456173361444,1289480.0,120.6822265625,Mid-High
92346365,3300,Norte,221.7497558206797,151.378472716088,1135695.0,77.079296875,Premium
92668868,2200,Salamanca-Retiro,162.726314581053,124.16518381545731,2250230.0,222.384765625,Mid-High
92669280,1800,Centro,359.1073915825335,134.31090763467876,1683230.0,194.6322265625,Low-Mid
92893723,3500,Salamanca-Retiro,259.8781123693433,184.35036985013488,1146195.0,108.72490234375,Premium
93112937,1000,Salamanca-Retiro,426.779339033376,170.9817447251906,1144155.0,67.2373046875,Budget
93163052,1200,Centro,263.1258979581577,166.516258796509,1258695.0,108.63994140625,Budget
93250215,1495,Periferia Norte,280.4234034250405,137.62433293563785,2294540.0,135.58896484375,Low-Mid
93304487,875,Centro,887.6503198327218,156.33860644670239,1538380.0,167.04326171875,Budget
93581425,1600,Norte,821.9942693039635,139.29421105918658,999255.0,119.05263671875,Low-Mid
93650305,2800,Chamberí,579.6547209833136,162.56067116164635,1166835.0,124.12509765625,Premium
93873147,1340,Centro,297.43979106986825,129.41023086413966,1798992.857142857,132.79157366071428,Budget
93887054,1900,Salamanca-Retiro,572.6229988519508,151.45120706764877,1814480.0,178.09541015625,Mid-High
93951799,1455,Oeste,804.7055841455757,161.7653764023608,1147365.0,123.65791015625,Low-Mid
94093825,3100,Salamanca-Retiro,524.5306196177015,152.57446804965247,1146195.0,129.99462890625,Premium
94101120,950,Periferia Norte,348.86230213252713,123.40182473984245,2336190.0,168.6609375,Budget
94192937,2100,Salamanca-Retiro,237.63401865684523,167.39943277985097,1093840.0,78.92216796875,Mid-High
94195640,14000,Salamanca-Retiro,660.6246698383344,163.91223303319327,1521195.0,156.74423828125,Premium
94248257,1500,Norte,502.10959460083893,157.7868342687355,1320005.0,106.4439453125,Low-Mid
94338806,770,Periferia Norte,133.52294887758003,124.83558340828161,1245255.5555555555,86.13932291666667,Budget
94442611,1400,Chamberí,501.7239105032988,173.27086240988677,1429430.0,148.32724609375,Low-Mid
94542423,770,Periferia Norte,110.07567212089644,151.4444381163709,1118900.0,59.489676339285715,Budget
94589378,1800,Norte,167.61719653268705,139.85429143298776,1420730.0,85.3869140625,Low-Mid
94597973,3400,Centro,428.5007249703516,149.0234358109233,1289480.0,86.52568359375,Premium
94661880,1650,Salamanca-Retiro,52.197087121892594,180.3269599132529,1289480.0,71.04697265625,Low-Mid
94750859,3200,Salamanca-Retiro,1888.2165039205952,172.48736337579913,1157600.0,150.615625,Premium
94769372,2750,Oeste,520.9690706156669,138.87609274476887,1420730.0,136.6751953125,Premium
94773527,1900,Periferia Norte,1254.2185325071684,140.5728725876401,1441730.0,138.331640625,Mid-High
94832903,3000,Chamberí,280.4998421755254,115.29505378178521,2229230.0,197.1716796875,Premium
95033010,875,Centro,618.5807466935809,114.3665675602919,1461633.3333333333,134.89876302083334,Budget
95299432,3300,Centro,669.3321903749062,183.06721192681718,1333845.0,143.7603515625,Premium
95329656,1650,Salamanca-Retiro,255.30599037208435,132.992311629237,1333545.0,131.66494140625,Low-Mid
95453605,1250,Centro,1253.706828077185,162.91427926975828,1146195.0,161.8291015625,Budget
95512470,1390,Salamanca-Retiro,290.21097222242076,152.69803730012816,1494250.0,114.5697265625,Low-Mid
95572980,1250,Salamanca-Retiro,753.2410405172924,122.76229204890558,967180.0,122.75576171875,Budget
95626096,1100,Centro,154.81523966761185,160.8393859097386,1147875.0,87.42431640625,Budget
95745954,5500,Salamanca-Retiro,388.3567717704542,169.28454060106407,1289480.0,117.0623046875,Premium
95780845,3100,Centro,948.8524660865145,175.98881685022306,1363695.0,203.74892578125,Premium
95786407,3395,Salamanca-Retiro,415.58514094090333,162.43047830018412,2065275.0,177.6775390625,Premium
95825899,1800,Salamanca-Retiro,298.11821283579735,158.38831331338312,1146195.0,96.16044921875,Low-Mid
95829232,1800,Salamanca-Retiro,463.0939521915369,185.69335038536673,1146195.0,112.49716796875,Low-Mid
95875485,8500,Salamanca-Retiro,338.9395757242806,176.43545207952587,1146195.0,89.52255859375,Premium
95897157,1695,Norte,105.52901290096527,102.30716597150955,1289480.0,67.3029296875,Low-Mid
96153215,4000,Chamberí,229.1652440109017,140.20933694327726,1289480.0,126.610546875,Premium
96348537,750,Oeste,91.23357974510246,149.6956128425895,1551980.0,114.6779296875,Budget
96714851,1500,Chamberí,123.28143097270859,156.89170197348793,1333695.0,87.689453125,Low-Mid
96716589,900,Norte,184.01032360381194,141.91105529864325,2493410.0,180.5263671875,Budget
96848584,4050,Chamberí,824.0796754295463,187.6666557804947,1146195.0,118.13623046875,Premium
97015980,1200,Periferia Norte,72.64209479723192,189.5190308169586,2250230.0,147.56787109375,Budget
97328869,2405,Norte,684.4672988023275,139.5727797791887,1146195.0,142.11982421875,Mid-High
97339125,1500,Periferia Norte,251.2901253841388,193.79178526021423,2250230.0,233.38115234375,Low-Mid
97380710,930,Sur-Sureste,267.1129426378033,116.40690830273047,1945730.0,153.4484375,Budget
97434259,2300,Centro,904.1782690323071,142.1785932622492,1144395.0,147.7669921875,Mid-High
97529074,2000,Centro,696.6555801792406,142.61937012463446,1124575.0,125.56982421875,Mid-High
97552475,3500,Chamberí,1017.1336621944396,132.03919920400273,967390.0,98.60078125,Premium
97553549,3600,Periferia Norte,564.4614015532031,142.100505790299,1147245.0,117.08388671875,Premium
97569078,3400,Chamberí,1468.2120880551327,167.45651965523106,1145060.0,143.10126953125,Premium
97626978,1450,Arganzuela,164.19953036217208,168.9767640246343,1146195.0,81.009375,Low-Mid
97800488,2240,Chamberí,617.8749887555412,158.29996020950307,1146195.0,124.10869140625,Mid-High
97886898,4000,Chamberí,545.308943351042,124.03464371378968,1289480.0,150.0373046875,Premium
97994329,1400,Salamanca-Retiro,96.38772376313194,139.73760688702288,2250230.0,138.288671875,Low-Mid
97996922,3500,Centro,373.77074981172984,125.47813288345996,1335550.0,105.48203125,Premium
98076391,1400,Centro,229.0302363916504,126.25411847852472,1176195.0,126.20224609375,Low-Mid
98147339,1600,Centro,91.05279754809462,132.34561339065556,2250230.0,161.86455078125,Low-Mid
98302694,1350,Chamberí,82.2774552980308,148.62426296774623,975245.0,61.36083984375,Budget
98378046,2800,Centro,500.74719955904766,181.3212025071316,1147245.0,95.50751953125,Premium
98393116,1050,Sur-Sureste,704.3810170535775,137.67021140699495,968525.0,123.80078125,Budget
98405406,1500,Centro,78.25124826350687,161.44002227765955,1148745.0,63.65908203125,Low-Mid
98483367,1850,Norte,836.5993753206785,129.34305973296588,1441730.0,165.88681640625,Mid-High
98492908,2600,Chamberí,106.41316674238422,149.99946584785397,2115605.0,115.3837890625,Mid-High
98501294,950,Sur-Sureste,816.9476089064992,144.82808033407667,1939588.888888889,232.94108072916666,Budget
98609252,1000,Norte,783.9174996852213,112.87760310635565,1966730.0,188.97216796875,Budget
98644512,1200,Centro,581.3602568577718,128.56506642813727,2360930.0,232.86474609375,Budget
98722247,1350,Periferia Norte,670.5339272720341,150.90601364052733,1189680.0,120.77978515625,Budget
98763852,1580,Salamanca-Retiro,1470.2124693190199,171.62851541109848,1147095.0,164.27236328125,Low-Mid
98789191,2600,Salamanca-Retiro,323.72070393052246,135.9684931134769,1289480.0,117.7224609375,Mid-High
99091216,1900,Norte,404.5951708945593,120.14680445500184,2250230.0,286.65869140625,Mid-High
99116800,900,Periferia Norte,350.29220673710665,135.25460370732486,1640210.0,143.6599609375,Budget
99151757,3040,Chamberí,713.6710220761715,136.51856122833283,1146195.0,152.96796875,Premium
99153327,1300,Salamanca-Retiro,320.1035739070884,137.10752285403686,1423690.0,149.2572265625,Budget
99174542,1290,Norte,975.2690111587881,117.72834131329807,1172405.0,118.94248046875,Budget
99257687,850,Sur-Sureste,390.2115513278858,119.7571748898727,1704230.0,154.72861328125,Budget
99410526,3000,Salamanca-Retiro,187.0017299083375,132.92543497206375,1835480.0,115.5166015625,Premium
99461559,3300,Centro,331.0242311158671,154.34804285295502,1146110.0,134.859375,Premium
99539125,1500,Salamanca-Retiro,1247.652463227615,132.35165574730266,1814480.0,174.607421875,Low-Mid
99582276,1150,Centro,544.2985981537624,163.23613192303145,1333695.0,126.59873046875,Budget
99604924,950,Sur-Sureste,472.17561444850406,126.32449704410374,1959311.111111111,174.32400173611111,Budget
99847946,1700,Centro,429.37100207649985,142.21714400876073,2064260.0,216.51845703125,Low-Mid
99867898,1650,Centro,424.2081720846616,169.1061160580869,1146195.0,106.27470703125,Low-Mid
99876019,1200,Norte,540.1862452395314,177.30305660291003,1146195.0,137.99169921875,Budget
99904571,1050,Sur-Sureste,121.63004609027413,147.25677683506757,1835480.0,127.18984375,Budget
99950884,1490,Centro,587.924562461684,191.18486896179064,1146195.0,86.558984375,Low-Mid
